coptic_month,coptic_day,count
1,1,5
1,2,2
1,3,2
1,4,3
1,5,1
1,6,2
1,7,4
1,8,3
1,9,2
1,10,3
1,11,2
1,12,3
1,13,2
1,14,2
1,15,2
1,16,1
1,17,4
1,18,3
1,19,2
1,20,3
1,21,2
1,22,2
1,23,2
1,24,3
1,25,2
1,26,1
1,27,1
1,28,1
1,29,3
1,30,1
2,1,1
2,2,1
2,3,4
2,4,1
2,5,2
2,6,1
2,7,1
2,8,3
2,9,2
2,10,1
2,11,2
2,12,3
2,13,1
2,14,1
2,15,1
2,16,2
2,17,1
2,18,1
2,19,2
2,20,1
2,21,4
2,22,1
2,23,2
2,24,2
2,25,2
2,26,2
2,27,1
2,28,1
2,29,3
2,30,2
3,1,4
3,2,3
3,3,3
3,4,3
3,5,4
3,6,2
3,7,5
3,8,3
3,9,2
3,10,2
3,11,3
3,12,2
3,13,5
3,14,2
3,15,2
3,16,5
3,17,2
3,18,3
3,19,2
3,20,2
3,21,6
3,22,1
3,23,2
3,24,3
3,25,1
3,26,2
3,27,2
3,28,1
3,29,4
3,30,4
4,1,5
4,2,2
4,3,2
4,4,3
4,5,3
4,6,2
4,7,5
4,8,4
4,9,1
4,10,3
4,11,3
4,12,4
4,13,6
4,14,5
4,15,3
4,16,5
4,17,2
4,18,2
4,19,2
4,20,2
4,21,2
4,22,3
4,23,2
4,24,1
4,25,2
4,26,2
4,27,1
4,28,2
4,29,2
4,30,4
5,1,3
5,2,3
5,3,1
5,4,1
5,5,4
5,6,8
5,7,1
5,8,5
5,9,2
5,10,2
5,11,3
5,12,4
5,13,3
5,14,3
5,15,1
5,16,2
5,17,2
5,18,3
5,19,1
5,20,4
5,21,2
5,22,1
5,23,2
5,24,2
5,25,2
5,26,3
5,27,4
5,28,3
5,29,2
5,30,3
6,1,3
6,2,2
6,3,2
6,4,1
6,5,6
6,6,3
6,7,2
6,8,2
6,9,4
6,10,3
6,11,2
6,12,2
6,13,2
6,14,2
6,15,4
6,16,3
6,17,2
6,18,2
6,19,1
6,20,2
6,21,4
6,22,1
6,23,1
6,24,2
6,25,4
6,26,3
6,27,2
6,28,1
6,29,1
6,30,2
7,1,5
7,2,1
7,3,4
7,4,2
7,5,2
7,6,2
7,7,2
7,8,3
7,9,2
7,10,1
7,11,2
7,12,4
7,13,3
7,14,2
7,15,2
7,16,2
7,17,4
7,18,1
7,19,2
7,20,2
7,21,3
7,22,3
7,23,1
7,24,2
7,25,3
7,26,2
7,27,3
7,28,3
7,29,2
7,30,3
8,1,3
8,2,2
8,3,2
8,4,2
8,5,2
8,6,1
8,7,3
8,8,2
8,9,2
8,10,2
8,11,2
8,12,3
8,13,4
8,14,2
8,15,3
8,16,2
8,17,2
8,18,2
8,19,3
8,20,1
8,21,2
8,22,4
8,23,1
8,24,2
8,25,2
8,26,2
8,27,1
8,28,1
8,29,3
8,30,1
9,1,1
9,2,3
9,3,3
9,4,2
9,5,1
9,6,4
9,7,1
9,8,3
9,9,3
9,10,1
9,11,2
9,12,6
9,13,2
9,14,2
9,15,4
9,16,1
9,17,1
9,18,2
9,19,2
9,20,2
9,21,2
9,22,3
9,23,4
9,24,3
9,25,2
9,26,1
9,27,3
9,28,1
9,29,2
9,30,2
10,1,4
10,2,2
10,3,3
10,4,5
10,5,4
10,6,2
10,7,3
10,8,3
10,9,4
10,10,4
10,11,2
10,12,4
10,13,2
10,14,2
10,15,2
10,16,1
10,17,2
10,18,2
10,19,4
10,20,2
10,21,4
10,22,1
10,23,1
10,24,2
10,25,1
10,26,1
10,27,3
10,28,2
10,29,3
10,30,2
11,1,3
11,2,1
11,3,2
11,4,1
11,5,2
11,6,2
11,7,1
11,8,6
11,9,2
11,10,2
11,11,2
11,12,3
11,13,3
11,14,2
11,15,3
11,16,3
11,17,2
11,18,1
11,19,4
11,20,1
11,21,2
11,22,2
11,23,2
11,24,2
11,25,8
11,26,2
11,27,2
11,28,1
11,29,3
11,30,1
12,1,2
12,2,1
12,3,2
12,4,2
12,5,1
12,6,3
12,7,3
12,8,1
12,9,1
12,10,2
12,11,1
12,12,2
12,13,1
12,14,1
12,15,2
12,16,2
12,17,1
12,18,2
12,19,1
12,20,1
12,21,2
12,22,2
12,23,2
12,24,2
12,25,2
12,26,2
12,27,2
12,28,1
12,29,3
12,30,1
13,1,2
13,2,1
13,3,3
13,4,1
13,5,4
13,6,1
