book_id,present,chapters,verses
1,yes,50,1533
2,yes,40,1213
3,yes,27,858
4,yes,36,1288
5,yes,34,959
6,yes,24,658
7,yes,21,618
8,yes,4,85
9,yes,31,810
10,yes,24,695
11,yes,22,816
12,yes,25,719
13,yes,29,942
14,yes,36,822
15,yes,10,279
16,yes,13,407
17,yes,14,297
18,yes,16,346
19,yes,16,275
20,yes,42,1070
21,yes,151,2466
22,yes,31,915
23,yes,12,222
24,yes,8,117
25,yes,19,439
26,yes,51,1588
27,yes,66,1292
28,yes,52,1364
29,yes,5,154
30,yes,6,214
31,yes,48,1273
32,yes,14,531
33,yes,14,197
34,yes,3,73
35,yes,9,146
36,yes,1,21
37,yes,4,48
38,yes,7,105
39,yes,3,47
40,yes,3,56
41,yes,3,53
42,yes,2,38
43,yes,14,211
44,yes,4,55
45,yes,16,929
46,yes,15,558
47,yes,28,1071
48,yes,16,678
49,yes,24,1151
50,yes,21,879
51,yes,28,1007
52,yes,16,433
53,yes,16,437
54,yes,13,257
55,yes,6,149
56,yes,6,155
57,yes,4,104
58,yes,4,95
59,yes,5,89
60,yes,3,47
61,yes,6,114
62,yes,4,83
63,yes,3,46
64,yes,1,25
65,yes,13,303
66,yes,5,108
67,yes,5,105
68,yes,3,61
69,yes,5,105
70,yes,1,13
71,yes,1,15
72,yes,1,25
73,yes,22,404
