coptic_month,coptic_day,service_type,reading_type,count
0,1,liturgy,acts,3
0,1,liturgy,catholic,3
0,1,liturgy,gospel,4
0,1,liturgy,pauline,3
0,1,liturgy,psalm,3
0,1,matins,gospel,3
0,1,matins,psalm,3
0,1,vespers,gospel,2
0,1,vespers,psalm,2
0,2,liturgy,acts,3
0,2,liturgy,catholic,3
0,2,liturgy,gospel,5
0,2,liturgy,pauline,3
0,2,liturgy,psalm,4
0,2,matins,gospel,3
0,2,matins,psalm,3
0,2,vespers,gospel,2
0,2,vespers,psalm,2
0,3,liturgy,acts,3
0,3,liturgy,catholic,3
0,3,liturgy,gospel,6
0,3,liturgy,pauline,3
0,3,liturgy,psalm,3
0,3,matins,gospel,3
0,3,matins,psalm,3
0,3,vespers,gospel,1
0,3,vespers,psalm,1
0,4,liturgy,acts,3
0,4,liturgy,catholic,3
0,4,liturgy,gospel,5
0,4,liturgy,pauline,3
0,4,liturgy,psalm,3
0,4,matins,gospel,3
0,4,matins,psalm,3
0,4,vespers,gospel,1
0,4,vespers,psalm,1
0,5,liturgy,acts,2
0,5,liturgy,catholic,2
0,5,liturgy,gospel,4
0,5,liturgy,pauline,2
0,5,liturgy,psalm,2
0,5,matins,gospel,2
0,5,matins,psalm,2
0,5,vespers,gospel,1
0,5,vespers,psalm,1
0,6,liturgy,acts,2
0,6,liturgy,catholic,2
0,6,liturgy,gospel,4
0,6,liturgy,pauline,2
0,6,liturgy,psalm,2
0,6,matins,gospel,2
0,6,matins,psalm,2
0,6,vespers,gospel,1
0,6,vespers,psalm,1
0,7,liturgy,acts,2
0,7,liturgy,catholic,2
0,7,liturgy,gospel,4
0,7,liturgy,pauline,2
0,7,liturgy,psalm,2
0,7,matins,gospel,2
0,7,matins,psalm,2
0,7,vespers,gospel,1
0,7,vespers,psalm,1
0,8,liturgy,acts,2
0,8,liturgy,catholic,2
0,8,liturgy,gospel,2
0,8,liturgy,pauline,2
0,8,liturgy,psalm,2
0,8,matins,gospel,2
0,8,matins,psalm,2
0,8,vespers,gospel,1
0,8,vespers,psalm,1
0,9,liturgy,acts,2
0,9,liturgy,catholic,2
0,9,liturgy,gospel,3
0,9,liturgy,pauline,2
0,9,liturgy,psalm,3
0,9,matins,gospel,2
0,9,matins,psalm,2
0,9,vespers,gospel,2
0,9,vespers,psalm,2
0,10,liturgy,acts,2
0,10,liturgy,catholic,2
0,10,liturgy,gospel,4
0,10,liturgy,pauline,2
0,10,liturgy,psalm,2
0,10,matins,gospel,2
0,10,matins,psalm,2
0,10,vespers,gospel,1
0,10,vespers,psalm,1
0,11,liturgy,acts,2
0,11,liturgy,catholic,2
0,11,liturgy,gospel,4
0,11,liturgy,pauline,2
0,11,liturgy,psalm,2
0,11,matins,gospel,2
0,11,matins,psalm,2
0,11,vespers,gospel,1
0,11,vespers,psalm,1
0,12,liturgy,acts,2
0,12,liturgy,catholic,2
0,12,liturgy,gospel,4
0,12,liturgy,pauline,2
0,12,liturgy,psalm,2
0,12,matins,gospel,2
0,12,matins,psalm,2
0,12,vespers,gospel,1
0,12,vespers,psalm,1
0,13,liturgy,acts,2
0,13,liturgy,catholic,2
0,13,liturgy,gospel,4
0,13,liturgy,pauline,2
0,13,liturgy,psalm,2
0,13,matins,gospel,2
0,13,matins,psalm,2
0,13,vespers,gospel,1
0,13,vespers,psalm,1
0,14,liturgy,acts,2
0,14,liturgy,catholic,2
0,14,liturgy,gospel,6
0,14,liturgy,pauline,2
0,14,liturgy,psalm,2
0,14,matins,gospel,2
0,14,matins,psalm,2
0,14,vespers,gospel,1
0,14,vespers,psalm,1
0,15,liturgy,acts,2
0,15,liturgy,catholic,2
0,15,liturgy,gospel,2
0,15,liturgy,pauline,2
0,15,liturgy,psalm,2
0,15,matins,gospel,2
0,15,matins,psalm,2
0,15,vespers,gospel,1
0,15,vespers,psalm,1
0,16,liturgy,acts,2
0,16,liturgy,catholic,2
0,16,liturgy,gospel,3
0,16,liturgy,pauline,2
0,16,liturgy,psalm,3
0,16,matins,gospel,2
0,16,matins,psalm,2
0,16,vespers,gospel,2
0,16,vespers,psalm,2
0,17,liturgy,acts,2
0,17,liturgy,catholic,2
0,17,liturgy,gospel,4
0,17,liturgy,pauline,2
0,17,liturgy,psalm,2
0,17,matins,gospel,2
0,17,matins,psalm,2
0,17,vespers,gospel,1
0,17,vespers,psalm,1
0,18,liturgy,acts,2
0,18,liturgy,catholic,2
0,18,liturgy,gospel,4
0,18,liturgy,pauline,2
0,18,liturgy,psalm,2
0,18,matins,gospel,2
0,18,matins,psalm,2
0,18,vespers,gospel,1
0,18,vespers,psalm,1
0,19,liturgy,acts,2
0,19,liturgy,catholic,2
0,19,liturgy,gospel,6
0,19,liturgy,pauline,2
0,19,liturgy,psalm,2
0,19,matins,gospel,2
0,19,matins,psalm,2
0,19,vespers,gospel,1
0,19,vespers,psalm,1
0,20,liturgy,acts,2
0,20,liturgy,catholic,2
0,20,liturgy,gospel,5
0,20,liturgy,pauline,2
0,20,liturgy,psalm,2
0,20,matins,gospel,2
0,20,matins,psalm,2
0,20,vespers,gospel,1
0,20,vespers,psalm,1
0,21,liturgy,acts,2
0,21,liturgy,catholic,2
0,21,liturgy,gospel,7
0,21,liturgy,pauline,2
0,21,liturgy,psalm,2
0,21,matins,gospel,2
0,21,matins,psalm,2
0,21,vespers,gospel,1
0,21,vespers,psalm,1
0,22,liturgy,acts,2
0,22,liturgy,catholic,2
0,22,liturgy,gospel,2
0,22,liturgy,pauline,2
0,22,liturgy,psalm,2
0,22,matins,gospel,2
0,22,matins,psalm,2
0,22,vespers,gospel,1
0,22,vespers,psalm,1
0,23,liturgy,acts,2
0,23,liturgy,catholic,2
0,23,liturgy,gospel,3
0,23,liturgy,pauline,2
0,23,liturgy,psalm,3
0,23,matins,gospel,2
0,23,matins,psalm,2
0,23,vespers,gospel,2
0,23,vespers,psalm,2
0,24,liturgy,acts,2
0,24,liturgy,catholic,2
0,24,liturgy,gospel,5
0,24,liturgy,pauline,2
0,24,liturgy,psalm,2
0,24,matins,gospel,2
0,24,matins,psalm,2
0,24,vespers,gospel,1
0,24,vespers,psalm,1
0,25,liturgy,acts,2
0,25,liturgy,catholic,2
0,25,liturgy,gospel,6
0,25,liturgy,pauline,2
0,25,liturgy,psalm,2
0,25,matins,gospel,2
0,25,matins,psalm,2
0,25,vespers,gospel,1
0,25,vespers,psalm,1
0,26,liturgy,acts,2
0,26,liturgy,catholic,2
0,26,liturgy,gospel,6
0,26,liturgy,pauline,2
0,26,liturgy,psalm,2
0,26,matins,gospel,2
0,26,matins,psalm,2
0,26,vespers,gospel,1
0,26,vespers,psalm,1
0,27,liturgy,acts,2
0,27,liturgy,catholic,2
0,27,liturgy,gospel,6
0,27,liturgy,pauline,2
0,27,liturgy,psalm,2
0,27,matins,gospel,2
0,27,matins,psalm,2
0,27,vespers,gospel,1
0,27,vespers,psalm,1
0,28,liturgy,acts,2
0,28,liturgy,catholic,2
0,28,liturgy,gospel,6
0,28,liturgy,pauline,2
0,28,liturgy,psalm,2
0,28,matins,gospel,2
0,28,matins,psalm,2
0,28,vespers,gospel,1
0,28,vespers,psalm,1
0,29,liturgy,acts,2
0,29,liturgy,catholic,2
0,29,liturgy,gospel,2
0,29,liturgy,pauline,2
0,29,liturgy,psalm,2
0,29,matins,gospel,2
0,29,matins,psalm,2
0,29,vespers,gospel,1
0,29,vespers,psalm,1
0,30,liturgy,acts,2
0,30,liturgy,catholic,2
0,30,liturgy,gospel,3
0,30,liturgy,pauline,2
0,30,liturgy,psalm,3
0,30,matins,gospel,2
0,30,matins,psalm,2
0,30,vespers,gospel,2
0,30,vespers,psalm,2
0,31,liturgy,acts,2
0,31,liturgy,catholic,2
0,31,liturgy,gospel,5
0,31,liturgy,pauline,2
0,31,liturgy,psalm,2
0,31,matins,gospel,2
0,31,matins,psalm,2
0,31,vespers,gospel,1
0,31,vespers,psalm,1
0,32,liturgy,acts,2
0,32,liturgy,catholic,2
0,32,liturgy,gospel,7
0,32,liturgy,pauline,2
0,32,liturgy,psalm,2
0,32,matins,gospel,2
0,32,matins,psalm,2
0,32,vespers,gospel,1
0,32,vespers,psalm,1
0,33,liturgy,acts,2
0,33,liturgy,catholic,2
0,33,liturgy,gospel,7
0,33,liturgy,pauline,2
0,33,liturgy,psalm,2
0,33,matins,gospel,2
0,33,matins,psalm,2
0,33,vespers,gospel,1
0,33,vespers,psalm,1
0,34,liturgy,acts,2
0,34,liturgy,catholic,2
0,34,liturgy,gospel,5
0,34,liturgy,pauline,2
0,34,liturgy,psalm,2
0,34,matins,gospel,2
0,34,matins,psalm,2
0,34,vespers,gospel,1
0,34,vespers,psalm,1
0,35,liturgy,acts,2
0,35,liturgy,catholic,2
0,35,liturgy,gospel,7
0,35,liturgy,pauline,2
0,35,liturgy,psalm,2
0,35,matins,gospel,2
0,35,matins,psalm,2
0,35,vespers,gospel,1
0,35,vespers,psalm,1
0,36,liturgy,acts,2
0,36,liturgy,catholic,2
0,36,liturgy,gospel,2
0,36,liturgy,pauline,2
0,36,liturgy,psalm,2
0,36,matins,gospel,2
0,36,matins,psalm,2
0,36,vespers,gospel,1
0,36,vespers,psalm,1
0,37,liturgy,acts,2
0,37,liturgy,catholic,2
0,37,liturgy,gospel,3
0,37,liturgy,pauline,2
0,37,liturgy,psalm,3
0,37,matins,gospel,2
0,37,matins,psalm,2
0,37,vespers,gospel,2
0,37,vespers,psalm,2
0,38,liturgy,acts,2
0,38,liturgy,catholic,2
0,38,liturgy,gospel,5
0,38,liturgy,pauline,2
0,38,liturgy,psalm,2
0,38,matins,gospel,2
0,38,matins,psalm,2
0,38,vespers,gospel,1
0,38,vespers,psalm,1
0,39,liturgy,acts,2
0,39,liturgy,catholic,2
0,39,liturgy,gospel,5
0,39,liturgy,pauline,2
0,39,liturgy,psalm,2
0,39,matins,gospel,2
0,39,matins,psalm,2
0,39,vespers,gospel,1
0,39,vespers,psalm,1
0,40,liturgy,acts,2
0,40,liturgy,catholic,2
0,40,liturgy,gospel,6
0,40,liturgy,pauline,2
0,40,liturgy,psalm,2
0,40,matins,gospel,2
0,40,matins,psalm,2
0,40,vespers,gospel,1
0,40,vespers,psalm,1
0,41,liturgy,acts,2
0,41,liturgy,catholic,2
0,41,liturgy,gospel,6
0,41,liturgy,pauline,2
0,41,liturgy,psalm,2
0,41,matins,gospel,2
0,41,matins,psalm,2
0,41,vespers,gospel,1
0,41,vespers,psalm,1
0,42,liturgy,acts,2
0,42,liturgy,catholic,2
0,42,liturgy,gospel,8
0,42,liturgy,pauline,2
0,42,liturgy,psalm,2
0,42,matins,gospel,2
0,42,matins,psalm,2
0,42,vespers,gospel,1
0,42,vespers,psalm,1
0,43,liturgy,acts,2
0,43,liturgy,catholic,2
0,43,liturgy,gospel,2
0,43,liturgy,pauline,2
0,43,liturgy,psalm,2
0,43,matins,gospel,2
0,43,matins,psalm,2
0,43,vespers,gospel,1
0,43,vespers,psalm,1
0,44,liturgy,acts,2
0,44,liturgy,catholic,2
0,44,liturgy,gospel,3
0,44,liturgy,pauline,2
0,44,liturgy,psalm,3
0,44,matins,gospel,2
0,44,matins,psalm,2
0,44,vespers,gospel,2
0,44,vespers,psalm,2
0,45,liturgy,acts,2
0,45,liturgy,catholic,2
0,45,liturgy,gospel,5
0,45,liturgy,pauline,2
0,45,liturgy,psalm,2
0,45,matins,gospel,2
0,45,matins,psalm,2
0,45,vespers,gospel,1
0,45,vespers,psalm,1
0,46,liturgy,acts,2
0,46,liturgy,catholic,2
0,46,liturgy,gospel,5
0,46,liturgy,pauline,2
0,46,liturgy,psalm,2
0,46,matins,gospel,2
0,46,matins,psalm,2
0,46,vespers,gospel,1
0,46,vespers,psalm,1
0,47,liturgy,acts,2
0,47,liturgy,catholic,2
0,47,liturgy,gospel,5
0,47,liturgy,pauline,2
0,47,liturgy,psalm,2
0,47,matins,gospel,2
0,47,matins,psalm,2
0,47,vespers,gospel,1
0,47,vespers,psalm,1
0,48,liturgy,acts,2
0,48,liturgy,catholic,2
0,48,liturgy,gospel,5
0,48,liturgy,pauline,2
0,48,liturgy,psalm,2
0,48,matins,gospel,2
0,48,matins,psalm,2
0,48,vespers,gospel,1
0,48,vespers,psalm,1
0,49,liturgy,acts,2
0,49,liturgy,catholic,2
0,49,liturgy,gospel,6
0,49,liturgy,pauline,2
0,49,liturgy,psalm,2
0,49,matins,gospel,2
0,49,matins,psalm,2
0,49,vespers,gospel,1
0,49,vespers,psalm,1
0,50,liturgy,acts,2
0,50,liturgy,catholic,2
0,50,liturgy,gospel,6
0,50,liturgy,pauline,2
0,50,liturgy,psalm,2
0,50,matins,gospel,2
0,50,matins,psalm,2
0,50,vespers,gospel,1
0,50,vespers,psalm,1
0,51,liturgy,acts,1
0,51,liturgy,catholic,1
0,51,liturgy,gospel,4
0,51,liturgy,pauline,1
0,51,liturgy,psalm,2
0,51,matins,gospel,1
0,51,matins,psalm,1
0,51,vespers,gospel,1
0,51,vespers,psalm,1
0,55,liturgy,gospel,1
0,55,liturgy,pauline,1
0,55,liturgy,psalm,1
1,1,liturgy,acts,2
1,1,liturgy,catholic,2
1,1,liturgy,gospel,2
1,1,liturgy,pauline,2
1,1,liturgy,psalm,2
1,1,matins,gospel,2
1,1,matins,psalm,2
1,1,vespers,gospel,2
1,1,vespers,psalm,2
1,2,liturgy,acts,2
1,2,liturgy,catholic,2
1,2,liturgy,gospel,2
1,2,liturgy,pauline,2
1,2,liturgy,psalm,2
1,2,matins,gospel,2
1,2,matins,psalm,2
1,2,vespers,gospel,2
1,2,vespers,psalm,2
1,3,liturgy,acts,2
1,3,liturgy,catholic,2
1,3,liturgy,gospel,2
1,3,liturgy,pauline,2
1,3,liturgy,psalm,2
1,3,matins,gospel,2
1,3,matins,psalm,2
1,3,vespers,gospel,2
1,3,vespers,psalm,2
1,4,liturgy,acts,2
1,4,liturgy,catholic,2
1,4,liturgy,gospel,2
1,4,liturgy,pauline,2
1,4,liturgy,psalm,2
1,4,matins,gospel,2
1,4,matins,psalm,2
1,4,vespers,gospel,2
1,4,vespers,psalm,2
1,5,liturgy,acts,2
1,5,liturgy,catholic,2
1,5,liturgy,gospel,2
1,5,liturgy,pauline,2
1,5,liturgy,psalm,2
1,5,matins,gospel,2
1,5,matins,psalm,2
1,5,vespers,gospel,2
1,5,vespers,psalm,2
1,6,liturgy,acts,1
1,6,liturgy,catholic,1
1,6,liturgy,gospel,1
1,6,liturgy,pauline,1
1,6,liturgy,psalm,1
1,6,matins,gospel,1
1,6,matins,psalm,1
1,6,vespers,gospel,1
1,6,vespers,psalm,1
1,7,liturgy,acts,1
1,7,liturgy,catholic,1
1,7,liturgy,gospel,1
1,7,liturgy,pauline,1
1,7,liturgy,psalm,1
1,7,matins,gospel,1
1,7,matins,psalm,1
1,7,vespers,gospel,1
1,7,vespers,psalm,1
1,8,liturgy,acts,1
1,8,liturgy,catholic,1
1,8,liturgy,gospel,1
1,8,liturgy,pauline,1
1,8,liturgy,psalm,1
1,8,matins,gospel,1
1,8,matins,psalm,1
1,8,vespers,gospel,1
1,8,vespers,psalm,1
1,9,liturgy,acts,1
1,9,liturgy,catholic,1
1,9,liturgy,gospel,1
1,9,liturgy,pauline,1
1,9,liturgy,psalm,1
1,9,matins,gospel,1
1,9,matins,psalm,1
1,9,vespers,gospel,1
1,9,vespers,psalm,1
1,10,liturgy,acts,1
1,10,liturgy,catholic,1
1,10,liturgy,gospel,1
1,10,liturgy,pauline,1
1,10,liturgy,psalm,1
1,10,matins,gospel,1
1,10,matins,psalm,1
1,10,vespers,gospel,1
1,10,vespers,psalm,1
1,11,liturgy,acts,1
1,11,liturgy,catholic,1
1,11,liturgy,gospel,1
1,11,liturgy,pauline,1
1,11,liturgy,psalm,1
1,11,matins,gospel,1
1,11,matins,psalm,1
1,11,vespers,gospel,1
1,11,vespers,psalm,1
1,12,liturgy,acts,1
1,12,liturgy,catholic,1
1,12,liturgy,gospel,1
1,12,liturgy,pauline,1
1,12,liturgy,psalm,1
1,12,matins,gospel,1
1,12,matins,psalm,1
1,12,vespers,gospel,1
1,12,vespers,psalm,1
1,13,liturgy,acts,1
1,13,liturgy,catholic,1
1,13,liturgy,gospel,1
1,13,liturgy,pauline,1
1,13,liturgy,psalm,1
1,13,matins,gospel,1
1,13,matins,psalm,1
1,13,vespers,gospel,1
1,13,vespers,psalm,1
1,14,liturgy,acts,1
1,14,liturgy,catholic,1
1,14,liturgy,gospel,1
1,14,liturgy,pauline,1
1,14,liturgy,psalm,1
1,14,matins,gospel,1
1,14,matins,psalm,1
1,14,vespers,gospel,1
1,14,vespers,psalm,1
1,15,liturgy,acts,1
1,15,liturgy,catholic,1
1,15,liturgy,gospel,1
1,15,liturgy,pauline,1
1,15,liturgy,psalm,1
1,15,matins,gospel,1
1,15,matins,psalm,1
1,15,vespers,gospel,1
1,15,vespers,psalm,1
1,16,liturgy,acts,1
1,16,liturgy,catholic,1
1,16,liturgy,gospel,1
1,16,liturgy,pauline,1
1,16,liturgy,psalm,1
1,16,matins,gospel,1
1,16,matins,psalm,1
1,16,vespers,gospel,1
1,16,vespers,psalm,1
1,17,liturgy,acts,1
1,17,liturgy,catholic,1
1,17,liturgy,gospel,1
1,17,liturgy,pauline,1
1,17,liturgy,psalm,1
1,17,matins,gospel,1
1,17,matins,psalm,1
1,17,vespers,gospel,1
1,17,vespers,psalm,1
1,18,liturgy,acts,1
1,18,liturgy,catholic,1
1,18,liturgy,gospel,1
1,18,liturgy,pauline,1
1,18,liturgy,psalm,1
1,18,matins,gospel,1
1,18,matins,psalm,1
1,18,vespers,gospel,1
1,18,vespers,psalm,1
1,19,liturgy,acts,1
1,19,liturgy,catholic,1
1,19,liturgy,gospel,1
1,19,liturgy,pauline,1
1,19,liturgy,psalm,1
1,19,matins,gospel,1
1,19,matins,psalm,1
1,19,vespers,gospel,1
1,19,vespers,psalm,1
1,20,liturgy,acts,1
1,20,liturgy,catholic,1
1,20,liturgy,gospel,1
1,20,liturgy,pauline,1
1,20,liturgy,psalm,1
1,20,matins,gospel,1
1,20,matins,psalm,1
1,20,vespers,gospel,1
1,20,vespers,psalm,1
1,21,liturgy,acts,1
1,21,liturgy,catholic,1
1,21,liturgy,gospel,1
1,21,liturgy,pauline,1
1,21,liturgy,psalm,1
1,21,matins,gospel,1
1,21,matins,psalm,1
1,21,vespers,gospel,1
1,21,vespers,psalm,1
1,22,liturgy,acts,1
1,22,liturgy,catholic,1
1,22,liturgy,gospel,1
1,22,liturgy,pauline,1
1,22,liturgy,psalm,1
1,22,matins,gospel,1
1,22,matins,psalm,1
1,22,vespers,gospel,1
1,22,vespers,psalm,1
1,23,liturgy,acts,1
1,23,liturgy,catholic,1
1,23,liturgy,gospel,1
1,23,liturgy,pauline,1
1,23,liturgy,psalm,1
1,23,matins,gospel,1
1,23,matins,psalm,1
1,23,vespers,gospel,1
1,23,vespers,psalm,1
1,24,liturgy,acts,1
1,24,liturgy,catholic,1
1,24,liturgy,gospel,1
1,24,liturgy,pauline,1
1,24,liturgy,psalm,1
1,24,matins,gospel,1
1,24,matins,psalm,1
1,24,vespers,gospel,1
1,24,vespers,psalm,1
1,25,liturgy,acts,1
1,25,liturgy,catholic,1
1,25,liturgy,gospel,1
1,25,liturgy,pauline,1
1,25,liturgy,psalm,1
1,25,matins,gospel,1
1,25,matins,psalm,1
1,25,vespers,gospel,1
1,25,vespers,psalm,1
1,26,liturgy,acts,1
1,26,liturgy,catholic,1
1,26,liturgy,gospel,1
1,26,liturgy,pauline,1
1,26,liturgy,psalm,1
1,26,matins,gospel,1
1,26,matins,psalm,1
1,26,vespers,gospel,1
1,26,vespers,psalm,1
1,27,liturgy,acts,1
1,27,liturgy,catholic,1
1,27,liturgy,gospel,1
1,27,liturgy,pauline,1
1,27,liturgy,psalm,1
1,27,matins,gospel,1
1,27,matins,psalm,1
1,27,vespers,gospel,1
1,27,vespers,psalm,1
1,28,liturgy,acts,1
1,28,liturgy,catholic,1
1,28,liturgy,gospel,1
1,28,liturgy,pauline,1
1,28,liturgy,psalm,1
1,28,matins,gospel,1
1,28,matins,psalm,1
1,28,vespers,gospel,1
1,28,vespers,psalm,1
1,29,liturgy,acts,1
1,29,liturgy,catholic,1
1,29,liturgy,gospel,1
1,29,liturgy,pauline,1
1,29,liturgy,psalm,1
1,29,matins,gospel,1
1,29,matins,psalm,1
1,29,vespers,gospel,1
1,29,vespers,psalm,1
1,30,liturgy,acts,1
1,30,liturgy,catholic,1
1,30,liturgy,gospel,1
1,30,liturgy,pauline,1
1,30,liturgy,psalm,1
1,30,matins,gospel,1
1,30,matins,psalm,1
1,30,vespers,gospel,1
1,30,vespers,psalm,1
2,1,liturgy,acts,2
2,1,liturgy,catholic,2
2,1,liturgy,gospel,2
2,1,liturgy,pauline,2
2,1,liturgy,psalm,2
2,1,matins,gospel,2
2,1,matins,psalm,2
2,1,vespers,gospel,2
2,1,vespers,psalm,2
2,2,liturgy,acts,2
2,2,liturgy,catholic,2
2,2,liturgy,gospel,2
2,2,liturgy,pauline,2
2,2,liturgy,psalm,2
2,2,matins,gospel,2
2,2,matins,psalm,2
2,2,vespers,gospel,2
2,2,vespers,psalm,2
2,3,liturgy,acts,2
2,3,liturgy,catholic,2
2,3,liturgy,gospel,2
2,3,liturgy,pauline,2
2,3,liturgy,psalm,2
2,3,matins,gospel,2
2,3,matins,psalm,2
2,3,vespers,gospel,2
2,3,vespers,psalm,2
2,4,liturgy,acts,2
2,4,liturgy,catholic,2
2,4,liturgy,gospel,2
2,4,liturgy,pauline,2
2,4,liturgy,psalm,2
2,4,matins,gospel,2
2,4,matins,psalm,2
2,4,vespers,gospel,2
2,4,vespers,psalm,2
2,5,liturgy,acts,2
2,5,liturgy,catholic,2
2,5,liturgy,gospel,2
2,5,liturgy,pauline,2
2,5,liturgy,psalm,2
2,5,matins,gospel,2
2,5,matins,psalm,2
2,5,vespers,gospel,2
2,5,vespers,psalm,2
2,6,liturgy,acts,1
2,6,liturgy,catholic,1
2,6,liturgy,gospel,1
2,6,liturgy,pauline,1
2,6,liturgy,psalm,1
2,6,matins,gospel,1
2,6,matins,psalm,1
2,6,vespers,gospel,1
2,6,vespers,psalm,1
2,7,liturgy,acts,1
2,7,liturgy,catholic,1
2,7,liturgy,gospel,1
2,7,liturgy,pauline,1
2,7,liturgy,psalm,1
2,7,matins,gospel,1
2,7,matins,psalm,1
2,7,vespers,gospel,1
2,7,vespers,psalm,1
2,8,liturgy,acts,1
2,8,liturgy,catholic,1
2,8,liturgy,gospel,1
2,8,liturgy,pauline,1
2,8,liturgy,psalm,1
2,8,matins,gospel,1
2,8,matins,psalm,1
2,8,vespers,gospel,1
2,8,vespers,psalm,1
2,9,liturgy,acts,1
2,9,liturgy,catholic,1
2,9,liturgy,gospel,1
2,9,liturgy,pauline,1
2,9,liturgy,psalm,1
2,9,matins,gospel,1
2,9,matins,psalm,1
2,9,vespers,gospel,1
2,9,vespers,psalm,1
2,10,liturgy,acts,1
2,10,liturgy,catholic,1
2,10,liturgy,gospel,1
2,10,liturgy,pauline,1
2,10,liturgy,psalm,1
2,10,matins,gospel,1
2,10,matins,psalm,1
2,10,vespers,gospel,1
2,10,vespers,psalm,1
2,11,liturgy,acts,1
2,11,liturgy,catholic,1
2,11,liturgy,gospel,1
2,11,liturgy,pauline,1
2,11,liturgy,psalm,1
2,11,matins,gospel,1
2,11,matins,psalm,1
2,11,vespers,gospel,1
2,11,vespers,psalm,1
2,12,liturgy,acts,1
2,12,liturgy,catholic,1
2,12,liturgy,gospel,1
2,12,liturgy,pauline,1
2,12,liturgy,psalm,1
2,12,matins,gospel,1
2,12,matins,psalm,1
2,12,vespers,gospel,1
2,12,vespers,psalm,1
2,13,liturgy,acts,1
2,13,liturgy,catholic,1
2,13,liturgy,gospel,1
2,13,liturgy,pauline,1
2,13,liturgy,psalm,1
2,13,matins,gospel,1
2,13,matins,psalm,1
2,13,vespers,gospel,1
2,13,vespers,psalm,1
2,14,liturgy,acts,1
2,14,liturgy,catholic,1
2,14,liturgy,gospel,1
2,14,liturgy,pauline,1
2,14,liturgy,psalm,1
2,14,matins,gospel,1
2,14,matins,psalm,1
2,14,vespers,gospel,1
2,14,vespers,psalm,1
2,15,liturgy,acts,1
2,15,liturgy,catholic,1
2,15,liturgy,gospel,1
2,15,liturgy,pauline,1
2,15,liturgy,psalm,1
2,15,matins,gospel,1
2,15,matins,psalm,1
2,15,vespers,gospel,1
2,15,vespers,psalm,1
2,16,liturgy,acts,1
2,16,liturgy,catholic,1
2,16,liturgy,gospel,1
2,16,liturgy,pauline,1
2,16,liturgy,psalm,1
2,16,matins,gospel,1
2,16,matins,psalm,1
2,16,vespers,gospel,1
2,16,vespers,psalm,1
2,17,liturgy,acts,1
2,17,liturgy,catholic,1
2,17,liturgy,gospel,1
2,17,liturgy,pauline,1
2,17,liturgy,psalm,1
2,17,matins,gospel,1
2,17,matins,psalm,1
2,17,vespers,gospel,1
2,17,vespers,psalm,1
2,18,liturgy,acts,1
2,18,liturgy,catholic,1
2,18,liturgy,gospel,1
2,18,liturgy,pauline,1
2,18,liturgy,psalm,1
2,18,matins,gospel,1
2,18,matins,psalm,1
2,18,vespers,gospel,1
2,18,vespers,psalm,1
2,19,liturgy,acts,1
2,19,liturgy,catholic,1
2,19,liturgy,gospel,1
2,19,liturgy,pauline,1
2,19,liturgy,psalm,1
2,19,matins,gospel,1
2,19,matins,psalm,1
2,19,vespers,gospel,1
2,19,vespers,psalm,1
2,20,liturgy,acts,1
2,20,liturgy,catholic,1
2,20,liturgy,gospel,1
2,20,liturgy,pauline,1
2,20,liturgy,psalm,1
2,20,matins,gospel,1
2,20,matins,psalm,1
2,20,vespers,gospel,1
2,20,vespers,psalm,1
2,21,liturgy,acts,1
2,21,liturgy,catholic,1
2,21,liturgy,gospel,1
2,21,liturgy,pauline,1
2,21,liturgy,psalm,1
2,21,matins,gospel,1
2,21,matins,psalm,1
2,21,vespers,gospel,1
2,21,vespers,psalm,1
2,22,liturgy,acts,1
2,22,liturgy,catholic,1
2,22,liturgy,gospel,1
2,22,liturgy,pauline,1
2,22,liturgy,psalm,1
2,22,matins,gospel,1
2,22,matins,psalm,1
2,22,vespers,gospel,1
2,22,vespers,psalm,1
2,23,liturgy,acts,1
2,23,liturgy,catholic,1
2,23,liturgy,gospel,1
2,23,liturgy,pauline,1
2,23,liturgy,psalm,1
2,23,matins,gospel,1
2,23,matins,psalm,1
2,23,vespers,gospel,1
2,23,vespers,psalm,1
2,24,liturgy,acts,1
2,24,liturgy,catholic,1
2,24,liturgy,gospel,1
2,24,liturgy,pauline,1
2,24,liturgy,psalm,1
2,24,matins,gospel,1
2,24,matins,psalm,1
2,24,vespers,gospel,1
2,24,vespers,psalm,1
2,25,liturgy,acts,1
2,25,liturgy,catholic,1
2,25,liturgy,gospel,1
2,25,liturgy,pauline,1
2,25,liturgy,psalm,1
2,25,matins,gospel,1
2,25,matins,psalm,1
2,25,vespers,gospel,1
2,25,vespers,psalm,1
2,26,liturgy,acts,1
2,26,liturgy,catholic,1
2,26,liturgy,gospel,1
2,26,liturgy,pauline,1
2,26,liturgy,psalm,1
2,26,matins,gospel,1
2,26,matins,psalm,1
2,26,vespers,gospel,1
2,26,vespers,psalm,1
2,27,liturgy,acts,1
2,27,liturgy,catholic,1
2,27,liturgy,gospel,1
2,27,liturgy,pauline,1
2,27,liturgy,psalm,1
2,27,matins,gospel,1
2,27,matins,psalm,1
2,27,vespers,gospel,1
2,27,vespers,psalm,1
2,28,liturgy,acts,1
2,28,liturgy,catholic,1
2,28,liturgy,gospel,1
2,28,liturgy,pauline,1
2,28,liturgy,psalm,1
2,28,matins,gospel,1
2,28,matins,psalm,1
2,28,vespers,gospel,1
2,28,vespers,psalm,1
2,29,liturgy,acts,1
2,29,liturgy,catholic,1
2,29,liturgy,gospel,1
2,29,liturgy,pauline,1
2,29,liturgy,psalm,1
2,29,matins,gospel,1
2,29,matins,psalm,1
2,29,vespers,gospel,1
2,29,vespers,psalm,1
2,30,liturgy,acts,1
2,30,liturgy,catholic,1
2,30,liturgy,gospel,1
2,30,liturgy,pauline,1
2,30,liturgy,psalm,1
2,30,matins,gospel,1
2,30,matins,psalm,1
2,30,vespers,gospel,1
2,30,vespers,psalm,1
3,1,liturgy,acts,2
3,1,liturgy,catholic,2
3,1,liturgy,gospel,2
3,1,liturgy,pauline,2
3,1,liturgy,psalm,2
3,1,matins,gospel,2
3,1,matins,psalm,2
3,1,vespers,gospel,2
3,1,vespers,psalm,2
3,2,liturgy,acts,2
3,2,liturgy,catholic,2
3,2,liturgy,gospel,2
3,2,liturgy,pauline,2
3,2,liturgy,psalm,2
3,2,matins,gospel,2
3,2,matins,psalm,2
3,2,vespers,gospel,2
3,2,vespers,psalm,2
3,3,liturgy,acts,2
3,3,liturgy,catholic,2
3,3,liturgy,gospel,2
3,3,liturgy,pauline,2
3,3,liturgy,psalm,2
3,3,matins,gospel,2
3,3,matins,psalm,2
3,3,vespers,gospel,2
3,3,vespers,psalm,2
3,4,liturgy,acts,2
3,4,liturgy,catholic,2
3,4,liturgy,gospel,2
3,4,liturgy,pauline,2
3,4,liturgy,psalm,2
3,4,matins,gospel,2
3,4,matins,psalm,2
3,4,vespers,gospel,2
3,4,vespers,psalm,2
3,5,liturgy,acts,2
3,5,liturgy,catholic,2
3,5,liturgy,gospel,2
3,5,liturgy,pauline,2
3,5,liturgy,psalm,2
3,5,matins,gospel,2
3,5,matins,psalm,2
3,5,vespers,gospel,2
3,5,vespers,psalm,2
3,6,liturgy,acts,1
3,6,liturgy,catholic,1
3,6,liturgy,gospel,1
3,6,liturgy,pauline,1
3,6,liturgy,psalm,1
3,6,matins,gospel,1
3,6,matins,psalm,1
3,6,vespers,gospel,1
3,6,vespers,psalm,1
3,7,liturgy,acts,1
3,7,liturgy,catholic,1
3,7,liturgy,gospel,1
3,7,liturgy,pauline,1
3,7,liturgy,psalm,1
3,7,matins,gospel,1
3,7,matins,psalm,1
3,7,vespers,gospel,1
3,7,vespers,psalm,1
3,8,liturgy,acts,1
3,8,liturgy,catholic,1
3,8,liturgy,gospel,1
3,8,liturgy,pauline,1
3,8,liturgy,psalm,1
3,8,matins,gospel,1
3,8,matins,psalm,1
3,8,vespers,gospel,1
3,8,vespers,psalm,1
3,9,liturgy,acts,1
3,9,liturgy,catholic,1
3,9,liturgy,gospel,1
3,9,liturgy,pauline,1
3,9,liturgy,psalm,1
3,9,matins,gospel,1
3,9,matins,psalm,1
3,9,vespers,gospel,1
3,9,vespers,psalm,1
3,10,liturgy,acts,1
3,10,liturgy,catholic,1
3,10,liturgy,gospel,1
3,10,liturgy,pauline,1
3,10,liturgy,psalm,1
3,10,matins,gospel,1
3,10,matins,psalm,1
3,10,vespers,gospel,1
3,10,vespers,psalm,1
3,11,liturgy,acts,1
3,11,liturgy,catholic,1
3,11,liturgy,gospel,1
3,11,liturgy,pauline,1
3,11,liturgy,psalm,1
3,11,matins,gospel,1
3,11,matins,psalm,1
3,11,vespers,gospel,1
3,11,vespers,psalm,1
3,12,liturgy,acts,1
3,12,liturgy,catholic,1
3,12,liturgy,gospel,1
3,12,liturgy,pauline,1
3,12,liturgy,psalm,1
3,12,matins,gospel,1
3,12,matins,psalm,1
3,12,vespers,gospel,1
3,12,vespers,psalm,1
3,13,liturgy,acts,1
3,13,liturgy,catholic,1
3,13,liturgy,gospel,1
3,13,liturgy,pauline,1
3,13,liturgy,psalm,1
3,13,matins,gospel,1
3,13,matins,psalm,1
3,13,vespers,gospel,1
3,13,vespers,psalm,1
3,14,liturgy,acts,1
3,14,liturgy,catholic,1
3,14,liturgy,gospel,1
3,14,liturgy,pauline,1
3,14,liturgy,psalm,1
3,14,matins,gospel,1
3,14,matins,psalm,1
3,14,vespers,gospel,1
3,14,vespers,psalm,1
3,15,liturgy,acts,1
3,15,liturgy,catholic,1
3,15,liturgy,gospel,1
3,15,liturgy,pauline,1
3,15,liturgy,psalm,1
3,15,matins,gospel,1
3,15,matins,psalm,1
3,15,vespers,gospel,1
3,15,vespers,psalm,1
3,16,liturgy,acts,1
3,16,liturgy,catholic,1
3,16,liturgy,gospel,1
3,16,liturgy,pauline,1
3,16,liturgy,psalm,1
3,16,matins,gospel,1
3,16,matins,psalm,1
3,16,vespers,gospel,1
3,16,vespers,psalm,1
3,17,liturgy,acts,1
3,17,liturgy,catholic,1
3,17,liturgy,gospel,1
3,17,liturgy,pauline,1
3,17,liturgy,psalm,1
3,17,matins,gospel,1
3,17,matins,psalm,1
3,17,vespers,gospel,1
3,17,vespers,psalm,1
3,18,liturgy,acts,1
3,18,liturgy,catholic,1
3,18,liturgy,gospel,1
3,18,liturgy,pauline,1
3,18,liturgy,psalm,1
3,18,matins,gospel,1
3,18,matins,psalm,1
3,18,vespers,gospel,1
3,18,vespers,psalm,1
3,19,liturgy,acts,1
3,19,liturgy,catholic,1
3,19,liturgy,gospel,1
3,19,liturgy,pauline,1
3,19,liturgy,psalm,1
3,19,matins,gospel,1
3,19,matins,psalm,1
3,19,vespers,gospel,1
3,19,vespers,psalm,1
3,20,liturgy,acts,1
3,20,liturgy,catholic,1
3,20,liturgy,gospel,1
3,20,liturgy,pauline,1
3,20,liturgy,psalm,1
3,20,matins,gospel,1
3,20,matins,psalm,1
3,20,vespers,gospel,1
3,20,vespers,psalm,1
3,21,liturgy,acts,1
3,21,liturgy,catholic,1
3,21,liturgy,gospel,1
3,21,liturgy,pauline,1
3,21,liturgy,psalm,1
3,21,matins,gospel,1
3,21,matins,psalm,1
3,21,vespers,gospel,1
3,21,vespers,psalm,1
3,22,liturgy,acts,1
3,22,liturgy,catholic,1
3,22,liturgy,gospel,1
3,22,liturgy,pauline,1
3,22,liturgy,psalm,1
3,22,matins,gospel,1
3,22,matins,psalm,1
3,22,vespers,gospel,1
3,22,vespers,psalm,1
3,23,liturgy,acts,1
3,23,liturgy,catholic,1
3,23,liturgy,gospel,1
3,23,liturgy,pauline,1
3,23,liturgy,psalm,1
3,23,matins,gospel,1
3,23,matins,psalm,1
3,23,vespers,gospel,1
3,23,vespers,psalm,1
3,24,liturgy,acts,1
3,24,liturgy,catholic,1
3,24,liturgy,gospel,1
3,24,liturgy,pauline,1
3,24,liturgy,psalm,1
3,24,matins,gospel,1
3,24,matins,psalm,1
3,24,vespers,gospel,1
3,24,vespers,psalm,1
3,25,liturgy,acts,1
3,25,liturgy,catholic,1
3,25,liturgy,gospel,1
3,25,liturgy,pauline,1
3,25,liturgy,psalm,1
3,25,matins,gospel,1
3,25,matins,psalm,1
3,25,vespers,gospel,1
3,25,vespers,psalm,1
3,26,liturgy,acts,1
3,26,liturgy,catholic,1
3,26,liturgy,gospel,1
3,26,liturgy,pauline,1
3,26,liturgy,psalm,1
3,26,matins,gospel,1
3,26,matins,psalm,1
3,26,vespers,gospel,1
3,26,vespers,psalm,1
3,27,liturgy,acts,1
3,27,liturgy,catholic,1
3,27,liturgy,gospel,1
3,27,liturgy,pauline,1
3,27,liturgy,psalm,1
3,27,matins,gospel,1
3,27,matins,psalm,1
3,27,vespers,gospel,1
3,27,vespers,psalm,1
3,28,liturgy,acts,1
3,28,liturgy,catholic,1
3,28,liturgy,gospel,1
3,28,liturgy,pauline,1
3,28,liturgy,psalm,1
3,28,matins,gospel,1
3,28,matins,psalm,1
3,28,vespers,gospel,1
3,28,vespers,psalm,1
3,29,liturgy,acts,1
3,29,liturgy,catholic,1
3,29,liturgy,gospel,1
3,29,liturgy,pauline,1
3,29,liturgy,psalm,1
3,29,matins,gospel,1
3,29,matins,psalm,1
3,29,vespers,gospel,1
3,29,vespers,psalm,1
3,30,liturgy,acts,1
3,30,liturgy,catholic,1
3,30,liturgy,gospel,1
3,30,liturgy,pauline,1
3,30,liturgy,psalm,1
3,30,matins,gospel,1
3,30,matins,psalm,1
3,30,vespers,gospel,1
3,30,vespers,psalm,1
4,1,liturgy,acts,2
4,1,liturgy,catholic,2
4,1,liturgy,gospel,2
4,1,liturgy,pauline,2
4,1,liturgy,psalm,2
4,1,matins,gospel,2
4,1,matins,psalm,2
4,1,vespers,gospel,2
4,1,vespers,psalm,2
4,2,liturgy,acts,2
4,2,liturgy,catholic,2
4,2,liturgy,gospel,2
4,2,liturgy,pauline,2
4,2,liturgy,psalm,2
4,2,matins,gospel,2
4,2,matins,psalm,2
4,2,vespers,gospel,2
4,2,vespers,psalm,2
4,3,liturgy,acts,2
4,3,liturgy,catholic,2
4,3,liturgy,gospel,2
4,3,liturgy,pauline,2
4,3,liturgy,psalm,2
4,3,matins,gospel,2
4,3,matins,psalm,2
4,3,vespers,gospel,2
4,3,vespers,psalm,2
4,4,liturgy,acts,2
4,4,liturgy,catholic,2
4,4,liturgy,gospel,2
4,4,liturgy,pauline,2
4,4,liturgy,psalm,2
4,4,matins,gospel,2
4,4,matins,psalm,2
4,4,vespers,gospel,2
4,4,vespers,psalm,2
4,5,liturgy,acts,2
4,5,liturgy,catholic,2
4,5,liturgy,gospel,2
4,5,liturgy,pauline,2
4,5,liturgy,psalm,2
4,5,matins,gospel,2
4,5,matins,psalm,2
4,5,vespers,gospel,2
4,5,vespers,psalm,2
4,6,liturgy,acts,1
4,6,liturgy,catholic,1
4,6,liturgy,gospel,1
4,6,liturgy,pauline,1
4,6,liturgy,psalm,1
4,6,matins,gospel,1
4,6,matins,psalm,1
4,6,vespers,gospel,1
4,6,vespers,psalm,1
4,7,liturgy,acts,1
4,7,liturgy,catholic,1
4,7,liturgy,gospel,1
4,7,liturgy,pauline,1
4,7,liturgy,psalm,1
4,7,matins,gospel,1
4,7,matins,psalm,1
4,7,vespers,gospel,1
4,7,vespers,psalm,1
4,8,liturgy,acts,1
4,8,liturgy,catholic,1
4,8,liturgy,gospel,1
4,8,liturgy,pauline,1
4,8,liturgy,psalm,1
4,8,matins,gospel,1
4,8,matins,psalm,1
4,8,vespers,gospel,1
4,8,vespers,psalm,1
4,9,liturgy,acts,1
4,9,liturgy,catholic,1
4,9,liturgy,gospel,1
4,9,liturgy,pauline,1
4,9,liturgy,psalm,1
4,9,matins,gospel,1
4,9,matins,psalm,1
4,9,vespers,gospel,1
4,9,vespers,psalm,1
4,10,liturgy,acts,1
4,10,liturgy,catholic,1
4,10,liturgy,gospel,1
4,10,liturgy,pauline,1
4,10,liturgy,psalm,1
4,10,matins,gospel,1
4,10,matins,psalm,1
4,10,vespers,gospel,1
4,10,vespers,psalm,1
4,11,liturgy,acts,1
4,11,liturgy,catholic,1
4,11,liturgy,gospel,1
4,11,liturgy,pauline,1
4,11,liturgy,psalm,1
4,11,matins,gospel,1
4,11,matins,psalm,1
4,11,vespers,gospel,1
4,11,vespers,psalm,1
4,12,liturgy,acts,1
4,12,liturgy,catholic,1
4,12,liturgy,gospel,1
4,12,liturgy,pauline,1
4,12,liturgy,psalm,1
4,12,matins,gospel,1
4,12,matins,psalm,1
4,12,vespers,gospel,1
4,12,vespers,psalm,1
4,13,liturgy,acts,1
4,13,liturgy,catholic,1
4,13,liturgy,gospel,1
4,13,liturgy,pauline,1
4,13,liturgy,psalm,1
4,13,matins,gospel,1
4,13,matins,psalm,1
4,13,vespers,gospel,1
4,13,vespers,psalm,1
4,14,liturgy,acts,1
4,14,liturgy,catholic,1
4,14,liturgy,gospel,1
4,14,liturgy,pauline,1
4,14,liturgy,psalm,1
4,14,matins,gospel,1
4,14,matins,psalm,1
4,14,vespers,gospel,1
4,14,vespers,psalm,1
4,15,liturgy,acts,1
4,15,liturgy,catholic,1
4,15,liturgy,gospel,1
4,15,liturgy,pauline,1
4,15,liturgy,psalm,1
4,15,matins,gospel,1
4,15,matins,psalm,1
4,15,vespers,gospel,1
4,15,vespers,psalm,1
4,16,liturgy,acts,1
4,16,liturgy,catholic,1
4,16,liturgy,gospel,1
4,16,liturgy,pauline,1
4,16,liturgy,psalm,1
4,16,matins,gospel,1
4,16,matins,psalm,1
4,16,vespers,gospel,1
4,16,vespers,psalm,1
4,17,liturgy,acts,1
4,17,liturgy,catholic,1
4,17,liturgy,gospel,1
4,17,liturgy,pauline,1
4,17,liturgy,psalm,1
4,17,matins,gospel,1
4,17,matins,psalm,1
4,17,vespers,gospel,1
4,17,vespers,psalm,1
4,18,liturgy,acts,1
4,18,liturgy,catholic,1
4,18,liturgy,gospel,1
4,18,liturgy,pauline,1
4,18,liturgy,psalm,1
4,18,matins,gospel,1
4,18,matins,psalm,1
4,18,vespers,gospel,1
4,18,vespers,psalm,1
4,19,liturgy,acts,1
4,19,liturgy,catholic,1
4,19,liturgy,gospel,1
4,19,liturgy,pauline,1
4,19,liturgy,psalm,1
4,19,matins,gospel,1
4,19,matins,psalm,1
4,19,vespers,gospel,1
4,19,vespers,psalm,1
4,20,liturgy,acts,1
4,20,liturgy,catholic,1
4,20,liturgy,gospel,1
4,20,liturgy,pauline,1
4,20,liturgy,psalm,1
4,20,matins,gospel,1
4,20,matins,psalm,1
4,20,vespers,gospel,1
4,20,vespers,psalm,1
4,21,liturgy,acts,1
4,21,liturgy,catholic,1
4,21,liturgy,gospel,1
4,21,liturgy,pauline,1
4,21,liturgy,psalm,1
4,21,matins,gospel,1
4,21,matins,psalm,1
4,21,vespers,gospel,1
4,21,vespers,psalm,1
4,22,liturgy,acts,1
4,22,liturgy,catholic,1
4,22,liturgy,gospel,1
4,22,liturgy,pauline,1
4,22,liturgy,psalm,1
4,22,matins,gospel,1
4,22,matins,psalm,1
4,22,vespers,gospel,1
4,22,vespers,psalm,1
4,23,liturgy,acts,1
4,23,liturgy,catholic,1
4,23,liturgy,gospel,1
4,23,liturgy,pauline,1
4,23,liturgy,psalm,1
4,23,matins,gospel,1
4,23,matins,psalm,1
4,23,vespers,gospel,1
4,23,vespers,psalm,1
4,24,liturgy,acts,1
4,24,liturgy,catholic,1
4,24,liturgy,gospel,1
4,24,liturgy,pauline,1
4,24,liturgy,psalm,1
4,24,matins,gospel,1
4,24,matins,psalm,1
4,24,vespers,gospel,1
4,24,vespers,psalm,1
4,25,liturgy,acts,1
4,25,liturgy,catholic,1
4,25,liturgy,gospel,1
4,25,liturgy,pauline,1
4,25,liturgy,psalm,1
4,25,matins,gospel,1
4,25,matins,psalm,1
4,25,vespers,gospel,1
4,25,vespers,psalm,1
4,26,liturgy,acts,1
4,26,liturgy,catholic,1
4,26,liturgy,gospel,1
4,26,liturgy,pauline,1
4,26,liturgy,psalm,1
4,26,matins,gospel,1
4,26,matins,psalm,1
4,26,vespers,gospel,1
4,26,vespers,psalm,1
4,27,liturgy,acts,1
4,27,liturgy,catholic,1
4,27,liturgy,gospel,1
4,27,liturgy,pauline,1
4,27,liturgy,psalm,1
4,27,matins,gospel,1
4,27,matins,psalm,1
4,27,vespers,gospel,1
4,27,vespers,psalm,1
4,28,liturgy,acts,1
4,28,liturgy,catholic,1
4,28,liturgy,gospel,1
4,28,liturgy,pauline,1
4,28,liturgy,psalm,1
4,28,matins,gospel,1
4,28,matins,psalm,1
4,28,vespers,gospel,1
4,28,vespers,psalm,1
4,29,liturgy,acts,1
4,29,liturgy,catholic,1
4,29,liturgy,gospel,1
4,29,liturgy,pauline,1
4,29,liturgy,psalm,1
4,29,matins,gospel,1
4,29,matins,psalm,1
4,29,vespers,gospel,1
4,29,vespers,psalm,1
4,30,liturgy,acts,1
4,30,liturgy,catholic,1
4,30,liturgy,gospel,1
4,30,liturgy,pauline,1
4,30,liturgy,psalm,1
4,30,matins,gospel,1
4,30,matins,psalm,1
4,30,vespers,gospel,1
4,30,vespers,psalm,1
5,1,liturgy,acts,2
5,1,liturgy,catholic,2
5,1,liturgy,gospel,2
5,1,liturgy,pauline,2
5,1,liturgy,psalm,2
5,1,matins,gospel,2
5,1,matins,psalm,2
5,1,vespers,gospel,2
5,1,vespers,psalm,2
5,2,liturgy,acts,2
5,2,liturgy,catholic,2
5,2,liturgy,gospel,2
5,2,liturgy,pauline,2
5,2,liturgy,psalm,2
5,2,matins,gospel,2
5,2,matins,psalm,2
5,2,vespers,gospel,2
5,2,vespers,psalm,2
5,3,liturgy,acts,2
5,3,liturgy,catholic,2
5,3,liturgy,gospel,2
5,3,liturgy,pauline,2
5,3,liturgy,psalm,2
5,3,matins,gospel,2
5,3,matins,psalm,2
5,3,vespers,gospel,2
5,3,vespers,psalm,2
5,4,liturgy,acts,2
5,4,liturgy,catholic,2
5,4,liturgy,gospel,2
5,4,liturgy,pauline,2
5,4,liturgy,psalm,2
5,4,matins,gospel,2
5,4,matins,psalm,2
5,4,vespers,gospel,2
5,4,vespers,psalm,2
5,5,liturgy,acts,2
5,5,liturgy,catholic,2
5,5,liturgy,gospel,2
5,5,liturgy,pauline,2
5,5,liturgy,psalm,2
5,5,matins,gospel,2
5,5,matins,psalm,2
5,5,vespers,gospel,2
5,5,vespers,psalm,2
5,6,liturgy,acts,1
5,6,liturgy,catholic,1
5,6,liturgy,gospel,1
5,6,liturgy,pauline,1
5,6,liturgy,psalm,1
5,6,matins,gospel,1
5,6,matins,psalm,1
5,6,vespers,gospel,1
5,6,vespers,psalm,1
5,7,liturgy,acts,1
5,7,liturgy,catholic,1
5,7,liturgy,gospel,1
5,7,liturgy,pauline,1
5,7,liturgy,psalm,1
5,7,matins,gospel,1
5,7,matins,psalm,1
5,7,vespers,gospel,1
5,7,vespers,psalm,1
5,8,liturgy,acts,1
5,8,liturgy,catholic,1
5,8,liturgy,gospel,1
5,8,liturgy,pauline,1
5,8,liturgy,psalm,1
5,8,matins,gospel,1
5,8,matins,psalm,1
5,8,vespers,gospel,1
5,8,vespers,psalm,1
5,9,liturgy,acts,1
5,9,liturgy,catholic,1
5,9,liturgy,gospel,1
5,9,liturgy,pauline,1
5,9,liturgy,psalm,1
5,9,matins,gospel,1
5,9,matins,psalm,1
5,9,vespers,gospel,1
5,9,vespers,psalm,1
5,10,liturgy,acts,1
5,10,liturgy,catholic,1
5,10,liturgy,gospel,1
5,10,liturgy,pauline,1
5,10,liturgy,psalm,1
5,10,matins,gospel,1
5,10,matins,psalm,1
5,10,vespers,gospel,1
5,10,vespers,psalm,1
5,11,liturgy,acts,1
5,11,liturgy,catholic,1
5,11,liturgy,gospel,1
5,11,liturgy,pauline,1
5,11,liturgy,psalm,1
5,11,matins,gospel,1
5,11,matins,psalm,1
5,11,vespers,gospel,1
5,11,vespers,psalm,1
5,12,liturgy,acts,1
5,12,liturgy,catholic,1
5,12,liturgy,gospel,1
5,12,liturgy,pauline,1
5,12,liturgy,psalm,1
5,12,matins,gospel,1
5,12,matins,psalm,1
5,12,vespers,gospel,1
5,12,vespers,psalm,1
5,13,liturgy,acts,1
5,13,liturgy,catholic,1
5,13,liturgy,gospel,1
5,13,liturgy,pauline,1
5,13,liturgy,psalm,1
5,13,matins,gospel,1
5,13,matins,psalm,1
5,13,vespers,gospel,1
5,13,vespers,psalm,1
5,14,liturgy,acts,1
5,14,liturgy,catholic,1
5,14,liturgy,gospel,1
5,14,liturgy,pauline,1
5,14,liturgy,psalm,1
5,14,matins,gospel,1
5,14,matins,psalm,1
5,14,vespers,gospel,1
5,14,vespers,psalm,1
5,15,liturgy,acts,1
5,15,liturgy,catholic,1
5,15,liturgy,gospel,1
5,15,liturgy,pauline,1
5,15,liturgy,psalm,1
5,15,matins,gospel,1
5,15,matins,psalm,1
5,15,vespers,gospel,1
5,15,vespers,psalm,1
5,16,liturgy,acts,1
5,16,liturgy,catholic,1
5,16,liturgy,gospel,1
5,16,liturgy,pauline,1
5,16,liturgy,psalm,1
5,16,matins,gospel,1
5,16,matins,psalm,1
5,16,vespers,gospel,1
5,16,vespers,psalm,1
5,17,liturgy,acts,1
5,17,liturgy,catholic,1
5,17,liturgy,gospel,1
5,17,liturgy,pauline,1
5,17,liturgy,psalm,1
5,17,matins,gospel,1
5,17,matins,psalm,1
5,17,vespers,gospel,1
5,17,vespers,psalm,1
5,18,liturgy,acts,1
5,18,liturgy,catholic,1
5,18,liturgy,gospel,1
5,18,liturgy,pauline,1
5,18,liturgy,psalm,1
5,18,matins,gospel,1
5,18,matins,psalm,1
5,18,vespers,gospel,1
5,18,vespers,psalm,1
5,19,liturgy,acts,1
5,19,liturgy,catholic,1
5,19,liturgy,gospel,1
5,19,liturgy,pauline,1
5,19,liturgy,psalm,1
5,19,matins,gospel,1
5,19,matins,psalm,1
5,19,vespers,gospel,1
5,19,vespers,psalm,1
5,20,liturgy,acts,1
5,20,liturgy,catholic,1
5,20,liturgy,gospel,1
5,20,liturgy,pauline,1
5,20,liturgy,psalm,1
5,20,matins,gospel,1
5,20,matins,psalm,1
5,20,vespers,gospel,1
5,20,vespers,psalm,1
5,21,liturgy,acts,1
5,21,liturgy,catholic,1
5,21,liturgy,gospel,1
5,21,liturgy,pauline,1
5,21,liturgy,psalm,1
5,21,matins,gospel,1
5,21,matins,psalm,1
5,21,vespers,gospel,1
5,21,vespers,psalm,1
5,22,liturgy,acts,1
5,22,liturgy,catholic,1
5,22,liturgy,gospel,1
5,22,liturgy,pauline,1
5,22,liturgy,psalm,1
5,22,matins,gospel,1
5,22,matins,psalm,1
5,22,vespers,gospel,1
5,22,vespers,psalm,1
5,23,liturgy,acts,1
5,23,liturgy,catholic,1
5,23,liturgy,gospel,1
5,23,liturgy,pauline,1
5,23,liturgy,psalm,1
5,23,matins,gospel,1
5,23,matins,psalm,1
5,23,vespers,gospel,1
5,23,vespers,psalm,1
5,24,liturgy,acts,1
5,24,liturgy,catholic,1
5,24,liturgy,gospel,1
5,24,liturgy,pauline,1
5,24,liturgy,psalm,1
5,24,matins,gospel,1
5,24,matins,psalm,1
5,24,vespers,gospel,1
5,24,vespers,psalm,1
5,25,liturgy,acts,1
5,25,liturgy,catholic,1
5,25,liturgy,gospel,1
5,25,liturgy,pauline,1
5,25,liturgy,psalm,1
5,25,matins,gospel,1
5,25,matins,psalm,1
5,25,vespers,gospel,1
5,25,vespers,psalm,1
5,26,liturgy,acts,1
5,26,liturgy,catholic,1
5,26,liturgy,gospel,1
5,26,liturgy,pauline,1
5,26,liturgy,psalm,1
5,26,matins,gospel,1
5,26,matins,psalm,1
5,26,vespers,gospel,1
5,26,vespers,psalm,1
5,27,liturgy,acts,1
5,27,liturgy,catholic,1
5,27,liturgy,gospel,1
5,27,liturgy,pauline,1
5,27,liturgy,psalm,1
5,27,matins,gospel,1
5,27,matins,psalm,1
5,27,vespers,gospel,1
5,27,vespers,psalm,1
5,28,liturgy,acts,1
5,28,liturgy,catholic,1
5,28,liturgy,gospel,1
5,28,liturgy,pauline,1
5,28,liturgy,psalm,1
5,28,matins,gospel,1
5,28,matins,psalm,1
5,28,vespers,gospel,1
5,28,vespers,psalm,1
5,29,liturgy,acts,1
5,29,liturgy,catholic,1
5,29,liturgy,gospel,1
5,29,liturgy,pauline,1
5,29,liturgy,psalm,1
5,29,matins,gospel,1
5,29,matins,psalm,1
5,29,vespers,gospel,1
5,29,vespers,psalm,1
5,30,liturgy,acts,1
5,30,liturgy,catholic,1
5,30,liturgy,gospel,1
5,30,liturgy,pauline,1
5,30,liturgy,psalm,1
5,30,matins,gospel,1
5,30,matins,psalm,1
5,30,vespers,gospel,1
5,30,vespers,psalm,1
6,1,liturgy,acts,2
6,1,liturgy,catholic,2
6,1,liturgy,gospel,2
6,1,liturgy,pauline,2
6,1,liturgy,psalm,2
6,1,matins,gospel,2
6,1,matins,psalm,2
6,1,vespers,gospel,2
6,1,vespers,psalm,2
6,2,liturgy,acts,2
6,2,liturgy,catholic,2
6,2,liturgy,gospel,2
6,2,liturgy,pauline,2
6,2,liturgy,psalm,2
6,2,matins,gospel,2
6,2,matins,psalm,2
6,2,vespers,gospel,2
6,2,vespers,psalm,2
6,3,liturgy,acts,2
6,3,liturgy,catholic,2
6,3,liturgy,gospel,2
6,3,liturgy,pauline,2
6,3,liturgy,psalm,2
6,3,matins,gospel,2
6,3,matins,psalm,2
6,3,vespers,gospel,2
6,3,vespers,psalm,2
6,4,liturgy,acts,2
6,4,liturgy,catholic,2
6,4,liturgy,gospel,2
6,4,liturgy,pauline,2
6,4,liturgy,psalm,2
6,4,matins,gospel,2
6,4,matins,psalm,2
6,4,vespers,gospel,2
6,4,vespers,psalm,2
6,5,liturgy,acts,2
6,5,liturgy,catholic,2
6,5,liturgy,gospel,2
6,5,liturgy,pauline,2
6,5,liturgy,psalm,2
6,5,matins,gospel,2
6,5,matins,psalm,2
6,5,vespers,gospel,2
6,5,vespers,psalm,2
6,6,liturgy,acts,1
6,6,liturgy,catholic,1
6,6,liturgy,gospel,1
6,6,liturgy,pauline,1
6,6,liturgy,psalm,1
6,6,matins,gospel,1
6,6,matins,psalm,1
6,6,vespers,gospel,1
6,6,vespers,psalm,1
6,7,liturgy,acts,1
6,7,liturgy,catholic,1
6,7,liturgy,gospel,1
6,7,liturgy,pauline,1
6,7,liturgy,psalm,1
6,7,matins,gospel,1
6,7,matins,psalm,1
6,7,vespers,gospel,1
6,7,vespers,psalm,1
6,8,liturgy,acts,1
6,8,liturgy,catholic,1
6,8,liturgy,gospel,1
6,8,liturgy,pauline,1
6,8,liturgy,psalm,1
6,8,matins,gospel,1
6,8,matins,psalm,1
6,8,vespers,gospel,1
6,8,vespers,psalm,1
6,9,liturgy,acts,1
6,9,liturgy,catholic,1
6,9,liturgy,gospel,1
6,9,liturgy,pauline,1
6,9,liturgy,psalm,1
6,9,matins,gospel,1
6,9,matins,psalm,1
6,9,vespers,gospel,1
6,9,vespers,psalm,1
6,10,liturgy,acts,1
6,10,liturgy,catholic,1
6,10,liturgy,gospel,1
6,10,liturgy,pauline,1
6,10,liturgy,psalm,1
6,10,matins,gospel,1
6,10,matins,psalm,1
6,10,vespers,gospel,1
6,10,vespers,psalm,1
6,11,liturgy,acts,1
6,11,liturgy,catholic,1
6,11,liturgy,gospel,1
6,11,liturgy,pauline,1
6,11,liturgy,psalm,1
6,11,matins,gospel,1
6,11,matins,psalm,1
6,11,vespers,gospel,1
6,11,vespers,psalm,1
6,12,liturgy,acts,1
6,12,liturgy,catholic,1
6,12,liturgy,gospel,1
6,12,liturgy,pauline,1
6,12,liturgy,psalm,1
6,12,matins,gospel,1
6,12,matins,psalm,1
6,12,vespers,gospel,1
6,12,vespers,psalm,1
6,13,liturgy,acts,1
6,13,liturgy,catholic,1
6,13,liturgy,gospel,1
6,13,liturgy,pauline,1
6,13,liturgy,psalm,1
6,13,matins,gospel,1
6,13,matins,psalm,1
6,13,vespers,gospel,1
6,13,vespers,psalm,1
6,14,liturgy,acts,1
6,14,liturgy,catholic,1
6,14,liturgy,gospel,1
6,14,liturgy,pauline,1
6,14,liturgy,psalm,1
6,14,matins,gospel,1
6,14,matins,psalm,1
6,14,vespers,gospel,1
6,14,vespers,psalm,1
6,15,liturgy,acts,1
6,15,liturgy,catholic,1
6,15,liturgy,gospel,1
6,15,liturgy,pauline,1
6,15,liturgy,psalm,1
6,15,matins,gospel,1
6,15,matins,psalm,1
6,15,vespers,gospel,1
6,15,vespers,psalm,1
6,16,liturgy,acts,1
6,16,liturgy,catholic,1
6,16,liturgy,gospel,1
6,16,liturgy,pauline,1
6,16,liturgy,psalm,1
6,16,matins,gospel,1
6,16,matins,psalm,1
6,16,vespers,gospel,1
6,16,vespers,psalm,1
6,17,liturgy,acts,1
6,17,liturgy,catholic,1
6,17,liturgy,gospel,1
6,17,liturgy,pauline,1
6,17,liturgy,psalm,1
6,17,matins,gospel,1
6,17,matins,psalm,1
6,17,vespers,gospel,1
6,17,vespers,psalm,1
6,18,liturgy,acts,1
6,18,liturgy,catholic,1
6,18,liturgy,gospel,1
6,18,liturgy,pauline,1
6,18,liturgy,psalm,1
6,18,matins,gospel,1
6,18,matins,psalm,1
6,18,vespers,gospel,1
6,18,vespers,psalm,1
6,19,liturgy,acts,1
6,19,liturgy,catholic,1
6,19,liturgy,gospel,1
6,19,liturgy,pauline,1
6,19,liturgy,psalm,1
6,19,matins,gospel,1
6,19,matins,psalm,1
6,19,vespers,gospel,1
6,19,vespers,psalm,1
6,20,liturgy,acts,1
6,20,liturgy,catholic,1
6,20,liturgy,gospel,1
6,20,liturgy,pauline,1
6,20,liturgy,psalm,1
6,20,matins,gospel,1
6,20,matins,psalm,1
6,20,vespers,gospel,1
6,20,vespers,psalm,1
6,21,liturgy,acts,1
6,21,liturgy,catholic,1
6,21,liturgy,gospel,1
6,21,liturgy,pauline,1
6,21,liturgy,psalm,1
6,21,matins,gospel,1
6,21,matins,psalm,1
6,21,vespers,gospel,1
6,21,vespers,psalm,1
6,22,liturgy,acts,1
6,22,liturgy,catholic,1
6,22,liturgy,gospel,1
6,22,liturgy,pauline,1
6,22,liturgy,psalm,1
6,22,matins,gospel,1
6,22,matins,psalm,1
6,22,vespers,gospel,1
6,22,vespers,psalm,1
6,23,liturgy,acts,1
6,23,liturgy,catholic,1
6,23,liturgy,gospel,1
6,23,liturgy,pauline,1
6,23,liturgy,psalm,1
6,23,matins,gospel,1
6,23,matins,psalm,1
6,23,vespers,gospel,1
6,23,vespers,psalm,1
6,24,liturgy,acts,1
6,24,liturgy,catholic,1
6,24,liturgy,gospel,1
6,24,liturgy,pauline,1
6,24,liturgy,psalm,1
6,24,matins,gospel,1
6,24,matins,psalm,1
6,24,vespers,gospel,1
6,24,vespers,psalm,1
6,25,liturgy,acts,1
6,25,liturgy,catholic,1
6,25,liturgy,gospel,1
6,25,liturgy,pauline,1
6,25,liturgy,psalm,1
6,25,matins,gospel,1
6,25,matins,psalm,1
6,25,vespers,gospel,1
6,25,vespers,psalm,1
6,26,liturgy,acts,1
6,26,liturgy,catholic,1
6,26,liturgy,gospel,1
6,26,liturgy,pauline,1
6,26,liturgy,psalm,1
6,26,matins,gospel,1
6,26,matins,psalm,1
6,26,vespers,gospel,1
6,26,vespers,psalm,1
6,27,liturgy,acts,1
6,27,liturgy,catholic,1
6,27,liturgy,gospel,1
6,27,liturgy,pauline,1
6,27,liturgy,psalm,1
6,27,matins,gospel,1
6,27,matins,psalm,1
6,27,vespers,gospel,1
6,27,vespers,psalm,1
6,28,liturgy,acts,1
6,28,liturgy,catholic,1
6,28,liturgy,gospel,1
6,28,liturgy,pauline,1
6,28,liturgy,psalm,1
6,28,matins,gospel,1
6,28,matins,psalm,1
6,28,vespers,gospel,1
6,28,vespers,psalm,1
6,29,liturgy,acts,1
6,29,liturgy,catholic,1
6,29,liturgy,gospel,1
6,29,liturgy,pauline,1
6,29,liturgy,psalm,1
6,29,matins,gospel,1
6,29,matins,psalm,1
6,29,vespers,gospel,1
6,29,vespers,psalm,1
6,30,liturgy,acts,1
6,30,liturgy,catholic,1
6,30,liturgy,gospel,1
6,30,liturgy,pauline,1
6,30,liturgy,psalm,1
6,30,matins,gospel,1
6,30,matins,psalm,1
6,30,vespers,gospel,1
6,30,vespers,psalm,1
7,1,liturgy,acts,1
7,1,liturgy,catholic,1
7,1,liturgy,gospel,1
7,1,liturgy,pauline,1
7,1,liturgy,psalm,1
7,1,matins,gospel,1
7,1,matins,psalm,1
7,1,vespers,gospel,1
7,1,vespers,psalm,1
7,2,liturgy,acts,1
7,2,liturgy,catholic,1
7,2,liturgy,gospel,1
7,2,liturgy,pauline,1
7,2,liturgy,psalm,1
7,2,matins,gospel,1
7,2,matins,psalm,1
7,2,vespers,gospel,1
7,2,vespers,psalm,1
7,3,liturgy,acts,1
7,3,liturgy,catholic,1
7,3,liturgy,gospel,1
7,3,liturgy,pauline,1
7,3,liturgy,psalm,1
7,3,matins,gospel,1
7,3,matins,psalm,1
7,3,vespers,gospel,1
7,3,vespers,psalm,1
7,4,liturgy,acts,1
7,4,liturgy,catholic,1
7,4,liturgy,gospel,1
7,4,liturgy,pauline,1
7,4,liturgy,psalm,1
7,4,matins,gospel,1
7,4,matins,psalm,1
7,4,vespers,gospel,1
7,4,vespers,psalm,1
7,5,liturgy,acts,2
7,5,liturgy,catholic,2
7,5,liturgy,gospel,2
7,5,liturgy,pauline,2
7,5,liturgy,psalm,2
7,5,matins,gospel,2
7,5,matins,psalm,2
7,5,vespers,gospel,2
7,5,vespers,psalm,2
7,6,liturgy,acts,1
7,6,liturgy,catholic,1
7,6,liturgy,gospel,1
7,6,liturgy,pauline,1
7,6,liturgy,psalm,1
7,6,matins,gospel,1
7,6,matins,psalm,1
7,6,vespers,gospel,1
7,6,vespers,psalm,1
7,7,liturgy,acts,1
7,7,liturgy,catholic,1
7,7,liturgy,gospel,1
7,7,liturgy,pauline,1
7,7,liturgy,psalm,1
7,7,matins,gospel,1
7,7,matins,psalm,1
7,7,vespers,gospel,1
7,7,vespers,psalm,1
7,8,liturgy,acts,1
7,8,liturgy,catholic,1
7,8,liturgy,gospel,1
7,8,liturgy,pauline,1
7,8,liturgy,psalm,1
7,8,matins,gospel,1
7,8,matins,psalm,1
7,8,vespers,gospel,1
7,8,vespers,psalm,1
7,9,liturgy,acts,1
7,9,liturgy,catholic,1
7,9,liturgy,gospel,1
7,9,liturgy,pauline,1
7,9,liturgy,psalm,1
7,9,matins,gospel,1
7,9,matins,psalm,1
7,9,vespers,gospel,1
7,9,vespers,psalm,1
7,10,liturgy,acts,1
7,10,liturgy,catholic,1
7,10,liturgy,gospel,1
7,10,liturgy,pauline,1
7,10,liturgy,psalm,1
7,10,matins,gospel,1
7,10,matins,psalm,1
7,10,vespers,gospel,1
7,10,vespers,psalm,1
7,11,liturgy,acts,1
7,11,liturgy,catholic,1
7,11,liturgy,gospel,1
7,11,liturgy,pauline,1
7,11,liturgy,psalm,1
7,11,matins,gospel,1
7,11,matins,psalm,1
7,11,vespers,gospel,1
7,11,vespers,psalm,1
7,12,liturgy,acts,1
7,12,liturgy,catholic,1
7,12,liturgy,gospel,1
7,12,liturgy,pauline,1
7,12,liturgy,psalm,1
7,12,matins,gospel,1
7,12,matins,psalm,1
7,12,vespers,gospel,1
7,12,vespers,psalm,1
7,13,liturgy,acts,1
7,13,liturgy,catholic,1
7,13,liturgy,gospel,1
7,13,liturgy,pauline,1
7,13,liturgy,psalm,1
7,13,matins,gospel,1
7,13,matins,psalm,1
7,13,vespers,gospel,1
7,13,vespers,psalm,1
7,14,liturgy,acts,1
7,14,liturgy,catholic,1
7,14,liturgy,gospel,1
7,14,liturgy,pauline,1
7,14,liturgy,psalm,1
7,14,matins,gospel,1
7,14,matins,psalm,1
7,14,vespers,gospel,1
7,14,vespers,psalm,1
7,15,liturgy,acts,1
7,15,liturgy,catholic,1
7,15,liturgy,gospel,1
7,15,liturgy,pauline,1
7,15,liturgy,psalm,1
7,15,matins,gospel,1
7,15,matins,psalm,1
7,15,vespers,gospel,1
7,15,vespers,psalm,1
7,16,liturgy,acts,1
7,16,liturgy,catholic,1
7,16,liturgy,gospel,1
7,16,liturgy,pauline,1
7,16,liturgy,psalm,1
7,16,matins,gospel,1
7,16,matins,psalm,1
7,16,vespers,gospel,1
7,16,vespers,psalm,1
7,17,liturgy,acts,1
7,17,liturgy,catholic,1
7,17,liturgy,gospel,1
7,17,liturgy,pauline,1
7,17,liturgy,psalm,1
7,17,matins,gospel,1
7,17,matins,psalm,1
7,17,vespers,gospel,1
7,17,vespers,psalm,1
7,18,liturgy,acts,1
7,18,liturgy,catholic,1
7,18,liturgy,gospel,1
7,18,liturgy,pauline,1
7,18,liturgy,psalm,1
7,18,matins,gospel,1
7,18,matins,psalm,1
7,18,vespers,gospel,1
7,18,vespers,psalm,1
7,19,liturgy,acts,1
7,19,liturgy,catholic,1
7,19,liturgy,gospel,1
7,19,liturgy,pauline,1
7,19,liturgy,psalm,1
7,19,matins,gospel,1
7,19,matins,psalm,1
7,19,vespers,gospel,1
7,19,vespers,psalm,1
7,20,liturgy,acts,1
7,20,liturgy,catholic,1
7,20,liturgy,gospel,1
7,20,liturgy,pauline,1
7,20,liturgy,psalm,1
7,20,matins,gospel,1
7,20,matins,psalm,1
7,20,vespers,gospel,1
7,20,vespers,psalm,1
7,21,liturgy,acts,1
7,21,liturgy,catholic,1
7,21,liturgy,gospel,1
7,21,liturgy,pauline,1
7,21,liturgy,psalm,1
7,21,matins,gospel,1
7,21,matins,psalm,1
7,21,vespers,gospel,1
7,21,vespers,psalm,1
7,22,liturgy,acts,1
7,22,liturgy,catholic,1
7,22,liturgy,gospel,1
7,22,liturgy,pauline,1
7,22,liturgy,psalm,1
7,22,matins,gospel,1
7,22,matins,psalm,1
7,22,vespers,gospel,1
7,22,vespers,psalm,1
7,23,liturgy,acts,1
7,23,liturgy,catholic,1
7,23,liturgy,gospel,1
7,23,liturgy,pauline,1
7,23,liturgy,psalm,1
7,23,matins,gospel,1
7,23,matins,psalm,1
7,23,vespers,gospel,1
7,23,vespers,psalm,1
7,24,liturgy,acts,1
7,24,liturgy,catholic,1
7,24,liturgy,gospel,1
7,24,liturgy,pauline,1
7,24,liturgy,psalm,1
7,24,matins,gospel,1
7,24,matins,psalm,1
7,24,vespers,gospel,1
7,24,vespers,psalm,1
7,25,liturgy,acts,1
7,25,liturgy,catholic,1
7,25,liturgy,gospel,1
7,25,liturgy,pauline,1
7,25,liturgy,psalm,1
7,25,matins,gospel,1
7,25,matins,psalm,1
7,25,vespers,gospel,1
7,25,vespers,psalm,1
7,26,liturgy,acts,1
7,26,liturgy,catholic,1
7,26,liturgy,gospel,1
7,26,liturgy,pauline,1
7,26,liturgy,psalm,1
7,26,matins,gospel,1
7,26,matins,psalm,1
7,26,vespers,gospel,1
7,26,vespers,psalm,1
7,27,liturgy,acts,1
7,27,liturgy,catholic,1
7,27,liturgy,gospel,1
7,27,liturgy,pauline,1
7,27,liturgy,psalm,1
7,27,matins,gospel,1
7,27,matins,psalm,1
7,27,vespers,gospel,1
7,27,vespers,psalm,1
7,28,liturgy,acts,1
7,28,liturgy,catholic,1
7,28,liturgy,gospel,1
7,28,liturgy,pauline,1
7,28,liturgy,psalm,1
7,28,matins,gospel,1
7,28,matins,psalm,1
7,28,vespers,gospel,1
7,28,vespers,psalm,1
7,29,liturgy,acts,1
7,29,liturgy,catholic,1
7,29,liturgy,gospel,1
7,29,liturgy,pauline,1
7,29,liturgy,psalm,1
7,29,matins,gospel,1
7,29,matins,psalm,1
7,29,vespers,gospel,1
7,29,vespers,psalm,1
7,30,liturgy,acts,1
7,30,liturgy,catholic,1
7,30,liturgy,gospel,1
7,30,liturgy,pauline,1
7,30,liturgy,psalm,1
7,30,matins,gospel,1
7,30,matins,psalm,1
7,30,vespers,gospel,1
7,30,vespers,psalm,1
8,1,liturgy,acts,1
8,1,liturgy,catholic,1
8,1,liturgy,gospel,1
8,1,liturgy,pauline,1
8,1,liturgy,psalm,1
8,1,matins,gospel,1
8,1,matins,psalm,1
8,1,vespers,gospel,1
8,1,vespers,psalm,1
8,2,liturgy,acts,1
8,2,liturgy,catholic,1
8,2,liturgy,gospel,1
8,2,liturgy,pauline,1
8,2,liturgy,psalm,1
8,2,matins,gospel,1
8,2,matins,psalm,1
8,2,vespers,gospel,1
8,2,vespers,psalm,1
8,3,liturgy,acts,1
8,3,liturgy,catholic,1
8,3,liturgy,gospel,1
8,3,liturgy,pauline,1
8,3,liturgy,psalm,1
8,3,matins,gospel,1
8,3,matins,psalm,1
8,3,vespers,gospel,1
8,3,vespers,psalm,1
8,4,liturgy,acts,1
8,4,liturgy,catholic,1
8,4,liturgy,gospel,1
8,4,liturgy,pauline,1
8,4,liturgy,psalm,1
8,4,matins,gospel,1
8,4,matins,psalm,1
8,4,vespers,gospel,1
8,4,vespers,psalm,1
8,5,liturgy,acts,2
8,5,liturgy,catholic,2
8,5,liturgy,gospel,2
8,5,liturgy,pauline,2
8,5,liturgy,psalm,2
8,5,matins,gospel,2
8,5,matins,psalm,2
8,5,vespers,gospel,2
8,5,vespers,psalm,2
8,6,liturgy,acts,1
8,6,liturgy,catholic,1
8,6,liturgy,gospel,1
8,6,liturgy,pauline,1
8,6,liturgy,psalm,1
8,6,matins,gospel,1
8,6,matins,psalm,1
8,6,vespers,gospel,1
8,6,vespers,psalm,1
8,7,liturgy,acts,1
8,7,liturgy,catholic,1
8,7,liturgy,gospel,1
8,7,liturgy,pauline,1
8,7,liturgy,psalm,1
8,7,matins,gospel,1
8,7,matins,psalm,1
8,7,vespers,gospel,1
8,7,vespers,psalm,1
8,8,liturgy,acts,1
8,8,liturgy,catholic,1
8,8,liturgy,gospel,1
8,8,liturgy,pauline,1
8,8,liturgy,psalm,1
8,8,matins,gospel,1
8,8,matins,psalm,1
8,8,vespers,gospel,1
8,8,vespers,psalm,1
8,9,liturgy,acts,1
8,9,liturgy,catholic,1
8,9,liturgy,gospel,1
8,9,liturgy,pauline,1
8,9,liturgy,psalm,1
8,9,matins,gospel,1
8,9,matins,psalm,1
8,9,vespers,gospel,1
8,9,vespers,psalm,1
8,10,liturgy,acts,1
8,10,liturgy,catholic,1
8,10,liturgy,gospel,1
8,10,liturgy,pauline,1
8,10,liturgy,psalm,1
8,10,matins,gospel,1
8,10,matins,psalm,1
8,10,vespers,gospel,1
8,10,vespers,psalm,1
8,11,liturgy,acts,1
8,11,liturgy,catholic,1
8,11,liturgy,gospel,1
8,11,liturgy,pauline,1
8,11,liturgy,psalm,1
8,11,matins,gospel,1
8,11,matins,psalm,1
8,11,vespers,gospel,1
8,11,vespers,psalm,1
8,12,liturgy,acts,1
8,12,liturgy,catholic,1
8,12,liturgy,gospel,1
8,12,liturgy,pauline,1
8,12,liturgy,psalm,1
8,12,matins,gospel,1
8,12,matins,psalm,1
8,12,vespers,gospel,1
8,12,vespers,psalm,1
8,13,liturgy,acts,1
8,13,liturgy,catholic,1
8,13,liturgy,gospel,1
8,13,liturgy,pauline,1
8,13,liturgy,psalm,1
8,13,matins,gospel,1
8,13,matins,psalm,1
8,13,vespers,gospel,1
8,13,vespers,psalm,1
8,14,liturgy,acts,1
8,14,liturgy,catholic,1
8,14,liturgy,gospel,1
8,14,liturgy,pauline,1
8,14,liturgy,psalm,1
8,14,matins,gospel,1
8,14,matins,psalm,1
8,14,vespers,gospel,1
8,14,vespers,psalm,1
8,15,liturgy,acts,1
8,15,liturgy,catholic,1
8,15,liturgy,gospel,1
8,15,liturgy,pauline,1
8,15,liturgy,psalm,1
8,15,matins,gospel,1
8,15,matins,psalm,1
8,15,vespers,gospel,1
8,15,vespers,psalm,1
8,16,liturgy,acts,1
8,16,liturgy,catholic,1
8,16,liturgy,gospel,1
8,16,liturgy,pauline,1
8,16,liturgy,psalm,1
8,16,matins,gospel,1
8,16,matins,psalm,1
8,16,vespers,gospel,1
8,16,vespers,psalm,1
8,17,liturgy,acts,1
8,17,liturgy,catholic,1
8,17,liturgy,gospel,1
8,17,liturgy,pauline,1
8,17,liturgy,psalm,1
8,17,matins,gospel,1
8,17,matins,psalm,1
8,17,vespers,gospel,1
8,17,vespers,psalm,1
8,18,liturgy,acts,1
8,18,liturgy,catholic,1
8,18,liturgy,gospel,1
8,18,liturgy,pauline,1
8,18,liturgy,psalm,1
8,18,matins,gospel,1
8,18,matins,psalm,1
8,18,vespers,gospel,1
8,18,vespers,psalm,1
8,19,liturgy,acts,1
8,19,liturgy,catholic,1
8,19,liturgy,gospel,1
8,19,liturgy,pauline,1
8,19,liturgy,psalm,1
8,19,matins,gospel,1
8,19,matins,psalm,1
8,19,vespers,gospel,1
8,19,vespers,psalm,1
8,20,liturgy,acts,1
8,20,liturgy,catholic,1
8,20,liturgy,gospel,1
8,20,liturgy,pauline,1
8,20,liturgy,psalm,1
8,20,matins,gospel,1
8,20,matins,psalm,1
8,20,vespers,gospel,1
8,20,vespers,psalm,1
8,21,liturgy,acts,1
8,21,liturgy,catholic,1
8,21,liturgy,gospel,1
8,21,liturgy,pauline,1
8,21,liturgy,psalm,1
8,21,matins,gospel,1
8,21,matins,psalm,1
8,21,vespers,gospel,1
8,21,vespers,psalm,1
8,22,liturgy,acts,1
8,22,liturgy,catholic,1
8,22,liturgy,gospel,1
8,22,liturgy,pauline,1
8,22,liturgy,psalm,1
8,22,matins,gospel,1
8,22,matins,psalm,1
8,22,vespers,gospel,1
8,22,vespers,psalm,1
8,23,liturgy,acts,1
8,23,liturgy,catholic,1
8,23,liturgy,gospel,1
8,23,liturgy,pauline,1
8,23,liturgy,psalm,1
8,23,matins,gospel,1
8,23,matins,psalm,1
8,23,vespers,gospel,1
8,23,vespers,psalm,1
8,24,liturgy,acts,1
8,24,liturgy,catholic,1
8,24,liturgy,gospel,1
8,24,liturgy,pauline,1
8,24,liturgy,psalm,1
8,24,matins,gospel,1
8,24,matins,psalm,1
8,24,vespers,gospel,1
8,24,vespers,psalm,1
8,25,liturgy,acts,1
8,25,liturgy,catholic,1
8,25,liturgy,gospel,1
8,25,liturgy,pauline,1
8,25,liturgy,psalm,1
8,25,matins,gospel,1
8,25,matins,psalm,1
8,25,vespers,gospel,1
8,25,vespers,psalm,1
8,26,liturgy,acts,1
8,26,liturgy,catholic,1
8,26,liturgy,gospel,1
8,26,liturgy,pauline,1
8,26,liturgy,psalm,1
8,26,matins,gospel,1
8,26,matins,psalm,1
8,26,vespers,gospel,1
8,26,vespers,psalm,1
8,27,liturgy,acts,1
8,27,liturgy,catholic,1
8,27,liturgy,gospel,1
8,27,liturgy,pauline,1
8,27,liturgy,psalm,1
8,27,matins,gospel,1
8,27,matins,psalm,1
8,27,vespers,gospel,1
8,27,vespers,psalm,1
8,28,liturgy,acts,1
8,28,liturgy,catholic,1
8,28,liturgy,gospel,1
8,28,liturgy,pauline,1
8,28,liturgy,psalm,1
8,28,matins,gospel,1
8,28,matins,psalm,1
8,28,vespers,gospel,1
8,28,vespers,psalm,1
8,29,liturgy,acts,1
8,29,liturgy,catholic,1
8,29,liturgy,gospel,1
8,29,liturgy,pauline,1
8,29,liturgy,psalm,1
8,29,matins,gospel,1
8,29,matins,psalm,1
8,29,vespers,gospel,1
8,29,vespers,psalm,1
8,30,liturgy,acts,1
8,30,liturgy,catholic,1
8,30,liturgy,gospel,1
8,30,liturgy,pauline,1
8,30,liturgy,psalm,1
8,30,matins,gospel,1
8,30,matins,psalm,1
8,30,vespers,gospel,1
8,30,vespers,psalm,1
9,1,liturgy,acts,1
9,1,liturgy,catholic,1
9,1,liturgy,gospel,1
9,1,liturgy,pauline,1
9,1,liturgy,psalm,1
9,1,matins,gospel,1
9,1,matins,psalm,1
9,1,vespers,gospel,1
9,1,vespers,psalm,1
9,2,liturgy,acts,1
9,2,liturgy,catholic,1
9,2,liturgy,gospel,1
9,2,liturgy,pauline,1
9,2,liturgy,psalm,1
9,2,matins,gospel,1
9,2,matins,psalm,1
9,2,vespers,gospel,1
9,2,vespers,psalm,1
9,3,liturgy,acts,2
9,3,liturgy,catholic,2
9,3,liturgy,gospel,2
9,3,liturgy,pauline,2
9,3,liturgy,psalm,2
9,3,matins,gospel,2
9,3,matins,psalm,2
9,3,vespers,gospel,2
9,3,vespers,psalm,2
9,4,liturgy,acts,2
9,4,liturgy,catholic,2
9,4,liturgy,gospel,2
9,4,liturgy,pauline,2
9,4,liturgy,psalm,2
9,4,matins,gospel,2
9,4,matins,psalm,2
9,4,vespers,gospel,2
9,4,vespers,psalm,2
9,5,liturgy,acts,2
9,5,liturgy,catholic,2
9,5,liturgy,gospel,2
9,5,liturgy,pauline,2
9,5,liturgy,psalm,2
9,5,matins,gospel,2
9,5,matins,psalm,2
9,5,vespers,gospel,2
9,5,vespers,psalm,2
9,6,liturgy,acts,1
9,6,liturgy,catholic,1
9,6,liturgy,gospel,1
9,6,liturgy,pauline,1
9,6,liturgy,psalm,1
9,6,matins,gospel,1
9,6,matins,psalm,1
9,6,vespers,gospel,1
9,6,vespers,psalm,1
9,7,liturgy,acts,1
9,7,liturgy,catholic,1
9,7,liturgy,gospel,1
9,7,liturgy,pauline,1
9,7,liturgy,psalm,1
9,7,matins,gospel,1
9,7,matins,psalm,1
9,7,vespers,gospel,1
9,7,vespers,psalm,1
9,8,liturgy,acts,1
9,8,liturgy,catholic,1
9,8,liturgy,gospel,1
9,8,liturgy,pauline,1
9,8,liturgy,psalm,1
9,8,matins,gospel,1
9,8,matins,psalm,1
9,8,vespers,gospel,1
9,8,vespers,psalm,1
9,9,liturgy,acts,1
9,9,liturgy,catholic,1
9,9,liturgy,gospel,1
9,9,liturgy,pauline,1
9,9,liturgy,psalm,1
9,9,matins,gospel,1
9,9,matins,psalm,1
9,9,vespers,gospel,1
9,9,vespers,psalm,1
9,10,liturgy,acts,1
9,10,liturgy,catholic,1
9,10,liturgy,gospel,1
9,10,liturgy,pauline,1
9,10,liturgy,psalm,1
9,10,matins,gospel,1
9,10,matins,psalm,1
9,10,vespers,gospel,1
9,10,vespers,psalm,1
9,11,liturgy,acts,1
9,11,liturgy,catholic,1
9,11,liturgy,gospel,1
9,11,liturgy,pauline,1
9,11,liturgy,psalm,1
9,11,matins,gospel,1
9,11,matins,psalm,1
9,11,vespers,gospel,1
9,11,vespers,psalm,1
9,12,liturgy,acts,1
9,12,liturgy,catholic,1
9,12,liturgy,gospel,1
9,12,liturgy,pauline,1
9,12,liturgy,psalm,1
9,12,matins,gospel,1
9,12,matins,psalm,1
9,12,vespers,gospel,1
9,12,vespers,psalm,1
9,13,liturgy,acts,1
9,13,liturgy,catholic,1
9,13,liturgy,gospel,1
9,13,liturgy,pauline,1
9,13,liturgy,psalm,1
9,13,matins,gospel,1
9,13,matins,psalm,1
9,13,vespers,gospel,1
9,13,vespers,psalm,1
9,14,liturgy,acts,1
9,14,liturgy,catholic,1
9,14,liturgy,gospel,1
9,14,liturgy,pauline,1
9,14,liturgy,psalm,1
9,14,matins,gospel,1
9,14,matins,psalm,1
9,14,vespers,gospel,1
9,14,vespers,psalm,1
9,15,liturgy,acts,1
9,15,liturgy,catholic,1
9,15,liturgy,gospel,1
9,15,liturgy,pauline,1
9,15,liturgy,psalm,1
9,15,matins,gospel,1
9,15,matins,psalm,1
9,15,vespers,gospel,1
9,15,vespers,psalm,1
9,16,liturgy,acts,1
9,16,liturgy,catholic,1
9,16,liturgy,gospel,1
9,16,liturgy,pauline,1
9,16,liturgy,psalm,1
9,16,matins,gospel,1
9,16,matins,psalm,1
9,16,vespers,gospel,1
9,16,vespers,psalm,1
9,17,liturgy,acts,1
9,17,liturgy,catholic,1
9,17,liturgy,gospel,1
9,17,liturgy,pauline,1
9,17,liturgy,psalm,1
9,17,matins,gospel,1
9,17,matins,psalm,1
9,17,vespers,gospel,1
9,17,vespers,psalm,1
9,18,liturgy,acts,1
9,18,liturgy,catholic,1
9,18,liturgy,gospel,1
9,18,liturgy,pauline,1
9,18,liturgy,psalm,1
9,18,matins,gospel,1
9,18,matins,psalm,1
9,18,vespers,gospel,1
9,18,vespers,psalm,1
9,19,liturgy,acts,1
9,19,liturgy,catholic,1
9,19,liturgy,gospel,1
9,19,liturgy,pauline,1
9,19,liturgy,psalm,1
9,19,matins,gospel,1
9,19,matins,psalm,1
9,19,vespers,gospel,1
9,19,vespers,psalm,1
9,20,liturgy,acts,1
9,20,liturgy,catholic,1
9,20,liturgy,gospel,1
9,20,liturgy,pauline,1
9,20,liturgy,psalm,1
9,20,matins,gospel,1
9,20,matins,psalm,1
9,20,vespers,gospel,1
9,20,vespers,psalm,1
9,21,liturgy,acts,1
9,21,liturgy,catholic,1
9,21,liturgy,gospel,1
9,21,liturgy,pauline,1
9,21,liturgy,psalm,1
9,21,matins,gospel,1
9,21,matins,psalm,1
9,21,vespers,gospel,1
9,21,vespers,psalm,1
9,22,liturgy,acts,1
9,22,liturgy,catholic,1
9,22,liturgy,gospel,1
9,22,liturgy,pauline,1
9,22,liturgy,psalm,1
9,22,matins,gospel,1
9,22,matins,psalm,1
9,22,vespers,gospel,1
9,22,vespers,psalm,1
9,23,liturgy,acts,1
9,23,liturgy,catholic,1
9,23,liturgy,gospel,1
9,23,liturgy,pauline,1
9,23,liturgy,psalm,1
9,23,matins,gospel,1
9,23,matins,psalm,1
9,23,vespers,gospel,1
9,23,vespers,psalm,1
9,24,liturgy,acts,1
9,24,liturgy,catholic,1
9,24,liturgy,gospel,1
9,24,liturgy,pauline,1
9,24,liturgy,psalm,1
9,24,matins,gospel,1
9,24,matins,psalm,1
9,24,vespers,gospel,1
9,24,vespers,psalm,1
9,25,liturgy,acts,1
9,25,liturgy,catholic,1
9,25,liturgy,gospel,1
9,25,liturgy,pauline,1
9,25,liturgy,psalm,1
9,25,matins,gospel,1
9,25,matins,psalm,1
9,25,vespers,gospel,1
9,25,vespers,psalm,1
9,26,liturgy,acts,1
9,26,liturgy,catholic,1
9,26,liturgy,gospel,1
9,26,liturgy,pauline,1
9,26,liturgy,psalm,1
9,26,matins,gospel,1
9,26,matins,psalm,1
9,26,vespers,gospel,1
9,26,vespers,psalm,1
9,27,liturgy,acts,1
9,27,liturgy,catholic,1
9,27,liturgy,gospel,1
9,27,liturgy,pauline,1
9,27,liturgy,psalm,1
9,27,matins,gospel,1
9,27,matins,psalm,1
9,27,vespers,gospel,1
9,27,vespers,psalm,1
9,28,liturgy,acts,1
9,28,liturgy,catholic,1
9,28,liturgy,gospel,1
9,28,liturgy,pauline,1
9,28,liturgy,psalm,1
9,28,matins,gospel,1
9,28,matins,psalm,1
9,28,vespers,gospel,1
9,28,vespers,psalm,1
9,29,liturgy,acts,1
9,29,liturgy,catholic,1
9,29,liturgy,gospel,1
9,29,liturgy,pauline,1
9,29,liturgy,psalm,1
9,29,matins,gospel,1
9,29,matins,psalm,1
9,29,vespers,gospel,1
9,29,vespers,psalm,1
9,30,liturgy,acts,1
9,30,liturgy,catholic,1
9,30,liturgy,gospel,1
9,30,liturgy,pauline,1
9,30,liturgy,psalm,1
9,30,matins,gospel,1
9,30,matins,psalm,1
9,30,vespers,gospel,1
9,30,vespers,psalm,1
10,1,liturgy,acts,2
10,1,liturgy,catholic,2
10,1,liturgy,gospel,2
10,1,liturgy,pauline,2
10,1,liturgy,psalm,2
10,1,matins,gospel,2
10,1,matins,psalm,2
10,1,vespers,gospel,2
10,1,vespers,psalm,2
10,2,liturgy,acts,2
10,2,liturgy,catholic,2
10,2,liturgy,gospel,2
10,2,liturgy,pauline,2
10,2,liturgy,psalm,2
10,2,matins,gospel,2
10,2,matins,psalm,2
10,2,vespers,gospel,2
10,2,vespers,psalm,2
10,3,liturgy,acts,2
10,3,liturgy,catholic,2
10,3,liturgy,gospel,2
10,3,liturgy,pauline,2
10,3,liturgy,psalm,2
10,3,matins,gospel,2
10,3,matins,psalm,2
10,3,vespers,gospel,2
10,3,vespers,psalm,2
10,4,liturgy,acts,2
10,4,liturgy,catholic,2
10,4,liturgy,gospel,2
10,4,liturgy,pauline,2
10,4,liturgy,psalm,2
10,4,matins,gospel,2
10,4,matins,psalm,2
10,4,vespers,gospel,2
10,4,vespers,psalm,2
10,5,liturgy,acts,2
10,5,liturgy,catholic,2
10,5,liturgy,gospel,2
10,5,liturgy,pauline,2
10,5,liturgy,psalm,2
10,5,matins,gospel,2
10,5,matins,psalm,2
10,5,vespers,gospel,2
10,5,vespers,psalm,2
10,6,liturgy,acts,1
10,6,liturgy,catholic,1
10,6,liturgy,gospel,1
10,6,liturgy,pauline,1
10,6,liturgy,psalm,1
10,6,matins,gospel,1
10,6,matins,psalm,1
10,6,vespers,gospel,1
10,6,vespers,psalm,1
10,7,liturgy,acts,1
10,7,liturgy,catholic,1
10,7,liturgy,gospel,1
10,7,liturgy,pauline,1
10,7,liturgy,psalm,1
10,7,matins,gospel,1
10,7,matins,psalm,1
10,7,vespers,gospel,1
10,7,vespers,psalm,1
10,8,liturgy,acts,1
10,8,liturgy,catholic,1
10,8,liturgy,gospel,1
10,8,liturgy,pauline,1
10,8,liturgy,psalm,1
10,8,matins,gospel,1
10,8,matins,psalm,1
10,8,vespers,gospel,1
10,8,vespers,psalm,1
10,9,liturgy,acts,1
10,9,liturgy,catholic,1
10,9,liturgy,gospel,1
10,9,liturgy,pauline,1
10,9,liturgy,psalm,1
10,9,matins,gospel,1
10,9,matins,psalm,1
10,9,vespers,gospel,1
10,9,vespers,psalm,1
10,10,liturgy,acts,1
10,10,liturgy,catholic,1
10,10,liturgy,gospel,1
10,10,liturgy,pauline,1
10,10,liturgy,psalm,1
10,10,matins,gospel,1
10,10,matins,psalm,1
10,10,vespers,gospel,1
10,10,vespers,psalm,1
10,11,liturgy,acts,1
10,11,liturgy,catholic,1
10,11,liturgy,gospel,1
10,11,liturgy,pauline,1
10,11,liturgy,psalm,1
10,11,matins,gospel,1
10,11,matins,psalm,1
10,11,vespers,gospel,1
10,11,vespers,psalm,1
10,12,liturgy,acts,1
10,12,liturgy,catholic,1
10,12,liturgy,gospel,1
10,12,liturgy,pauline,1
10,12,liturgy,psalm,1
10,12,matins,gospel,1
10,12,matins,psalm,1
10,12,vespers,gospel,1
10,12,vespers,psalm,1
10,13,liturgy,acts,1
10,13,liturgy,catholic,1
10,13,liturgy,gospel,1
10,13,liturgy,pauline,1
10,13,liturgy,psalm,1
10,13,matins,gospel,1
10,13,matins,psalm,1
10,13,vespers,gospel,1
10,13,vespers,psalm,1
10,14,liturgy,acts,1
10,14,liturgy,catholic,1
10,14,liturgy,gospel,1
10,14,liturgy,pauline,1
10,14,liturgy,psalm,1
10,14,matins,gospel,1
10,14,matins,psalm,1
10,14,vespers,gospel,1
10,14,vespers,psalm,1
10,15,liturgy,acts,1
10,15,liturgy,catholic,1
10,15,liturgy,gospel,1
10,15,liturgy,pauline,1
10,15,liturgy,psalm,1
10,15,matins,gospel,1
10,15,matins,psalm,1
10,15,vespers,gospel,1
10,15,vespers,psalm,1
10,16,liturgy,acts,1
10,16,liturgy,catholic,1
10,16,liturgy,gospel,1
10,16,liturgy,pauline,1
10,16,liturgy,psalm,1
10,16,matins,gospel,1
10,16,matins,psalm,1
10,16,vespers,gospel,1
10,16,vespers,psalm,1
10,17,liturgy,acts,1
10,17,liturgy,catholic,1
10,17,liturgy,gospel,1
10,17,liturgy,pauline,1
10,17,liturgy,psalm,1
10,17,matins,gospel,1
10,17,matins,psalm,1
10,17,vespers,gospel,1
10,17,vespers,psalm,1
10,18,liturgy,acts,1
10,18,liturgy,catholic,1
10,18,liturgy,gospel,1
10,18,liturgy,pauline,1
10,18,liturgy,psalm,1
10,18,matins,gospel,1
10,18,matins,psalm,1
10,18,vespers,gospel,1
10,18,vespers,psalm,1
10,19,liturgy,acts,1
10,19,liturgy,catholic,1
10,19,liturgy,gospel,1
10,19,liturgy,pauline,1
10,19,liturgy,psalm,1
10,19,matins,gospel,1
10,19,matins,psalm,1
10,19,vespers,gospel,1
10,19,vespers,psalm,1
10,20,liturgy,acts,1
10,20,liturgy,catholic,1
10,20,liturgy,gospel,1
10,20,liturgy,pauline,1
10,20,liturgy,psalm,1
10,20,matins,gospel,1
10,20,matins,psalm,1
10,20,vespers,gospel,1
10,20,vespers,psalm,1
10,21,liturgy,acts,1
10,21,liturgy,catholic,1
10,21,liturgy,gospel,1
10,21,liturgy,pauline,1
10,21,liturgy,psalm,1
10,21,matins,gospel,1
10,21,matins,psalm,1
10,21,vespers,gospel,1
10,21,vespers,psalm,1
10,22,liturgy,acts,1
10,22,liturgy,catholic,1
10,22,liturgy,gospel,1
10,22,liturgy,pauline,1
10,22,liturgy,psalm,1
10,22,matins,gospel,1
10,22,matins,psalm,1
10,22,vespers,gospel,1
10,22,vespers,psalm,1
10,23,liturgy,acts,1
10,23,liturgy,catholic,1
10,23,liturgy,gospel,1
10,23,liturgy,pauline,1
10,23,liturgy,psalm,1
10,23,matins,gospel,1
10,23,matins,psalm,1
10,23,vespers,gospel,1
10,23,vespers,psalm,1
10,24,liturgy,acts,1
10,24,liturgy,catholic,1
10,24,liturgy,gospel,1
10,24,liturgy,pauline,1
10,24,liturgy,psalm,1
10,24,matins,gospel,1
10,24,matins,psalm,1
10,24,vespers,gospel,1
10,24,vespers,psalm,1
10,25,liturgy,acts,1
10,25,liturgy,catholic,1
10,25,liturgy,gospel,1
10,25,liturgy,pauline,1
10,25,liturgy,psalm,1
10,25,matins,gospel,1
10,25,matins,psalm,1
10,25,vespers,gospel,1
10,25,vespers,psalm,1
10,26,liturgy,acts,1
10,26,liturgy,catholic,1
10,26,liturgy,gospel,1
10,26,liturgy,pauline,1
10,26,liturgy,psalm,1
10,26,matins,gospel,1
10,26,matins,psalm,1
10,26,vespers,gospel,1
10,26,vespers,psalm,1
10,27,liturgy,acts,1
10,27,liturgy,catholic,1
10,27,liturgy,gospel,1
10,27,liturgy,pauline,1
10,27,liturgy,psalm,1
10,27,matins,gospel,1
10,27,matins,psalm,1
10,27,vespers,gospel,1
10,27,vespers,psalm,1
10,28,liturgy,acts,1
10,28,liturgy,catholic,1
10,28,liturgy,gospel,1
10,28,liturgy,pauline,1
10,28,liturgy,psalm,1
10,28,matins,gospel,1
10,28,matins,psalm,1
10,28,vespers,gospel,1
10,28,vespers,psalm,1
10,29,liturgy,acts,1
10,29,liturgy,catholic,1
10,29,liturgy,gospel,1
10,29,liturgy,pauline,1
10,29,liturgy,psalm,1
10,29,matins,gospel,1
10,29,matins,psalm,1
10,29,vespers,gospel,1
10,29,vespers,psalm,1
10,30,liturgy,acts,1
10,30,liturgy,catholic,1
10,30,liturgy,gospel,1
10,30,liturgy,pauline,1
10,30,liturgy,psalm,1
10,30,matins,gospel,1
10,30,matins,psalm,1
10,30,vespers,gospel,1
10,30,vespers,psalm,1
11,1,liturgy,acts,2
11,1,liturgy,catholic,2
11,1,liturgy,gospel,2
11,1,liturgy,pauline,2
11,1,liturgy,psalm,2
11,1,matins,gospel,2
11,1,matins,psalm,2
11,1,vespers,gospel,2
11,1,vespers,psalm,2
11,2,liturgy,acts,2
11,2,liturgy,catholic,2
11,2,liturgy,gospel,2
11,2,liturgy,pauline,2
11,2,liturgy,psalm,2
11,2,matins,gospel,2
11,2,matins,psalm,2
11,2,vespers,gospel,2
11,2,vespers,psalm,2
11,3,liturgy,acts,2
11,3,liturgy,catholic,2
11,3,liturgy,gospel,2
11,3,liturgy,pauline,2
11,3,liturgy,psalm,2
11,3,matins,gospel,2
11,3,matins,psalm,2
11,3,vespers,gospel,2
11,3,vespers,psalm,2
11,4,liturgy,acts,2
11,4,liturgy,catholic,2
11,4,liturgy,gospel,2
11,4,liturgy,pauline,2
11,4,liturgy,psalm,2
11,4,matins,gospel,2
11,4,matins,psalm,2
11,4,vespers,gospel,2
11,4,vespers,psalm,2
11,5,liturgy,acts,2
11,5,liturgy,catholic,2
11,5,liturgy,gospel,2
11,5,liturgy,pauline,2
11,5,liturgy,psalm,2
11,5,matins,gospel,2
11,5,matins,psalm,2
11,5,vespers,gospel,2
11,5,vespers,psalm,2
11,6,liturgy,acts,1
11,6,liturgy,catholic,1
11,6,liturgy,gospel,1
11,6,liturgy,pauline,1
11,6,liturgy,psalm,1
11,6,matins,gospel,1
11,6,matins,psalm,1
11,6,vespers,gospel,1
11,6,vespers,psalm,1
11,7,liturgy,acts,1
11,7,liturgy,catholic,1
11,7,liturgy,gospel,1
11,7,liturgy,pauline,1
11,7,liturgy,psalm,1
11,7,matins,gospel,1
11,7,matins,psalm,1
11,7,vespers,gospel,1
11,7,vespers,psalm,1
11,8,liturgy,acts,1
11,8,liturgy,catholic,1
11,8,liturgy,gospel,1
11,8,liturgy,pauline,1
11,8,liturgy,psalm,1
11,8,matins,gospel,1
11,8,matins,psalm,1
11,8,vespers,gospel,1
11,8,vespers,psalm,1
11,9,liturgy,acts,1
11,9,liturgy,catholic,1
11,9,liturgy,gospel,1
11,9,liturgy,pauline,1
11,9,liturgy,psalm,1
11,9,matins,gospel,1
11,9,matins,psalm,1
11,9,vespers,gospel,1
11,9,vespers,psalm,1
11,10,liturgy,acts,1
11,10,liturgy,catholic,1
11,10,liturgy,gospel,1
11,10,liturgy,pauline,1
11,10,liturgy,psalm,1
11,10,matins,gospel,1
11,10,matins,psalm,1
11,10,vespers,gospel,1
11,10,vespers,psalm,1
11,11,liturgy,acts,1
11,11,liturgy,catholic,1
11,11,liturgy,gospel,1
11,11,liturgy,pauline,1
11,11,liturgy,psalm,1
11,11,matins,gospel,1
11,11,matins,psalm,1
11,11,vespers,gospel,1
11,11,vespers,psalm,1
11,12,liturgy,acts,1
11,12,liturgy,catholic,1
11,12,liturgy,gospel,1
11,12,liturgy,pauline,1
11,12,liturgy,psalm,1
11,12,matins,gospel,1
11,12,matins,psalm,1
11,12,vespers,gospel,1
11,12,vespers,psalm,1
11,13,liturgy,acts,1
11,13,liturgy,catholic,1
11,13,liturgy,gospel,1
11,13,liturgy,pauline,1
11,13,liturgy,psalm,1
11,13,matins,gospel,1
11,13,matins,psalm,1
11,13,vespers,gospel,1
11,13,vespers,psalm,1
11,14,liturgy,acts,1
11,14,liturgy,catholic,1
11,14,liturgy,gospel,1
11,14,liturgy,pauline,1
11,14,liturgy,psalm,1
11,14,matins,gospel,1
11,14,matins,psalm,1
11,14,vespers,gospel,1
11,14,vespers,psalm,1
11,15,liturgy,acts,1
11,15,liturgy,catholic,1
11,15,liturgy,gospel,1
11,15,liturgy,pauline,1
11,15,liturgy,psalm,1
11,15,matins,gospel,1
11,15,matins,psalm,1
11,15,vespers,gospel,1
11,15,vespers,psalm,1
11,16,liturgy,acts,1
11,16,liturgy,catholic,1
11,16,liturgy,gospel,1
11,16,liturgy,pauline,1
11,16,liturgy,psalm,1
11,16,matins,gospel,1
11,16,matins,psalm,1
11,16,vespers,gospel,1
11,16,vespers,psalm,1
11,17,liturgy,acts,1
11,17,liturgy,catholic,1
11,17,liturgy,gospel,1
11,17,liturgy,pauline,1
11,17,liturgy,psalm,1
11,17,matins,gospel,1
11,17,matins,psalm,1
11,17,vespers,gospel,1
11,17,vespers,psalm,1
11,18,liturgy,acts,1
11,18,liturgy,catholic,1
11,18,liturgy,gospel,1
11,18,liturgy,pauline,1
11,18,liturgy,psalm,1
11,18,matins,gospel,1
11,18,matins,psalm,1
11,18,vespers,gospel,1
11,18,vespers,psalm,1
11,19,liturgy,acts,1
11,19,liturgy,catholic,1
11,19,liturgy,gospel,1
11,19,liturgy,pauline,1
11,19,liturgy,psalm,1
11,19,matins,gospel,1
11,19,matins,psalm,1
11,19,vespers,gospel,1
11,19,vespers,psalm,1
11,20,liturgy,acts,1
11,20,liturgy,catholic,1
11,20,liturgy,gospel,1
11,20,liturgy,pauline,1
11,20,liturgy,psalm,1
11,20,matins,gospel,1
11,20,matins,psalm,1
11,20,vespers,gospel,1
11,20,vespers,psalm,1
11,21,liturgy,acts,1
11,21,liturgy,catholic,1
11,21,liturgy,gospel,1
11,21,liturgy,pauline,1
11,21,liturgy,psalm,1
11,21,matins,gospel,1
11,21,matins,psalm,1
11,21,vespers,gospel,1
11,21,vespers,psalm,1
11,22,liturgy,acts,1
11,22,liturgy,catholic,1
11,22,liturgy,gospel,1
11,22,liturgy,pauline,1
11,22,liturgy,psalm,1
11,22,matins,gospel,1
11,22,matins,psalm,1
11,22,vespers,gospel,1
11,22,vespers,psalm,1
11,23,liturgy,acts,1
11,23,liturgy,catholic,1
11,23,liturgy,gospel,1
11,23,liturgy,pauline,1
11,23,liturgy,psalm,1
11,23,matins,gospel,1
11,23,matins,psalm,1
11,23,vespers,gospel,1
11,23,vespers,psalm,1
11,24,liturgy,acts,1
11,24,liturgy,catholic,1
11,24,liturgy,gospel,1
11,24,liturgy,pauline,1
11,24,liturgy,psalm,1
11,24,matins,gospel,1
11,24,matins,psalm,1
11,24,vespers,gospel,1
11,24,vespers,psalm,1
11,25,liturgy,acts,1
11,25,liturgy,catholic,1
11,25,liturgy,gospel,1
11,25,liturgy,pauline,1
11,25,liturgy,psalm,1
11,25,matins,gospel,1
11,25,matins,psalm,1
11,25,vespers,gospel,1
11,25,vespers,psalm,1
11,26,liturgy,acts,1
11,26,liturgy,catholic,1
11,26,liturgy,gospel,1
11,26,liturgy,pauline,1
11,26,liturgy,psalm,1
11,26,matins,gospel,1
11,26,matins,psalm,1
11,26,vespers,gospel,1
11,26,vespers,psalm,1
11,27,liturgy,acts,1
11,27,liturgy,catholic,1
11,27,liturgy,gospel,1
11,27,liturgy,pauline,1
11,27,liturgy,psalm,1
11,27,matins,gospel,1
11,27,matins,psalm,1
11,27,vespers,gospel,1
11,27,vespers,psalm,1
11,28,liturgy,acts,1
11,28,liturgy,catholic,1
11,28,liturgy,gospel,1
11,28,liturgy,pauline,1
11,28,liturgy,psalm,1
11,28,matins,gospel,1
11,28,matins,psalm,1
11,28,vespers,gospel,1
11,28,vespers,psalm,1
11,29,liturgy,acts,1
11,29,liturgy,catholic,1
11,29,liturgy,gospel,1
11,29,liturgy,pauline,1
11,29,liturgy,psalm,1
11,29,matins,gospel,1
11,29,matins,psalm,1
11,29,vespers,gospel,1
11,29,vespers,psalm,1
11,30,liturgy,acts,1
11,30,liturgy,catholic,1
11,30,liturgy,gospel,1
11,30,liturgy,pauline,1
11,30,liturgy,psalm,1
11,30,matins,gospel,1
11,30,matins,psalm,1
11,30,vespers,gospel,1
11,30,vespers,psalm,1
12,1,liturgy,acts,2
12,1,liturgy,catholic,2
12,1,liturgy,gospel,2
12,1,liturgy,pauline,2
12,1,liturgy,psalm,2
12,1,matins,gospel,2
12,1,matins,psalm,2
12,1,vespers,gospel,2
12,1,vespers,psalm,2
12,2,liturgy,acts,2
12,2,liturgy,catholic,2
12,2,liturgy,gospel,2
12,2,liturgy,pauline,2
12,2,liturgy,psalm,2
12,2,matins,gospel,2
12,2,matins,psalm,2
12,2,vespers,gospel,2
12,2,vespers,psalm,2
12,3,liturgy,acts,2
12,3,liturgy,catholic,2
12,3,liturgy,gospel,2
12,3,liturgy,pauline,2
12,3,liturgy,psalm,2
12,3,matins,gospel,2
12,3,matins,psalm,2
12,3,vespers,gospel,2
12,3,vespers,psalm,2
12,4,liturgy,acts,2
12,4,liturgy,catholic,2
12,4,liturgy,gospel,2
12,4,liturgy,pauline,2
12,4,liturgy,psalm,2
12,4,matins,gospel,2
12,4,matins,psalm,2
12,4,vespers,gospel,2
12,4,vespers,psalm,2
12,5,liturgy,acts,2
12,5,liturgy,catholic,2
12,5,liturgy,gospel,2
12,5,liturgy,pauline,2
12,5,liturgy,psalm,2
12,5,matins,gospel,2
12,5,matins,psalm,2
12,5,vespers,gospel,2
12,5,vespers,psalm,2
12,6,liturgy,acts,1
12,6,liturgy,catholic,1
12,6,liturgy,gospel,1
12,6,liturgy,pauline,1
12,6,liturgy,psalm,1
12,6,matins,gospel,1
12,6,matins,psalm,1
12,6,vespers,gospel,1
12,6,vespers,psalm,1
12,7,liturgy,acts,1
12,7,liturgy,catholic,1
12,7,liturgy,gospel,1
12,7,liturgy,pauline,1
12,7,liturgy,psalm,1
12,7,matins,gospel,1
12,7,matins,psalm,1
12,7,vespers,gospel,1
12,7,vespers,psalm,1
12,8,liturgy,acts,1
12,8,liturgy,catholic,1
12,8,liturgy,gospel,1
12,8,liturgy,pauline,1
12,8,liturgy,psalm,1
12,8,matins,gospel,1
12,8,matins,psalm,1
12,8,vespers,gospel,1
12,8,vespers,psalm,1
12,9,liturgy,acts,1
12,9,liturgy,catholic,1
12,9,liturgy,gospel,1
12,9,liturgy,pauline,1
12,9,liturgy,psalm,1
12,9,matins,gospel,1
12,9,matins,psalm,1
12,9,vespers,gospel,1
12,9,vespers,psalm,1
12,10,liturgy,acts,1
12,10,liturgy,catholic,1
12,10,liturgy,gospel,1
12,10,liturgy,pauline,1
12,10,liturgy,psalm,1
12,10,matins,gospel,1
12,10,matins,psalm,1
12,10,vespers,gospel,1
12,10,vespers,psalm,1
12,11,liturgy,acts,1
12,11,liturgy,catholic,1
12,11,liturgy,gospel,1
12,11,liturgy,pauline,1
12,11,liturgy,psalm,1
12,11,matins,gospel,1
12,11,matins,psalm,1
12,11,vespers,gospel,1
12,11,vespers,psalm,1
12,12,liturgy,acts,1
12,12,liturgy,catholic,1
12,12,liturgy,gospel,1
12,12,liturgy,pauline,1
12,12,liturgy,psalm,1
12,12,matins,gospel,1
12,12,matins,psalm,1
12,12,vespers,gospel,1
12,12,vespers,psalm,1
12,13,liturgy,acts,1
12,13,liturgy,catholic,1
12,13,liturgy,gospel,1
12,13,liturgy,pauline,1
12,13,liturgy,psalm,1
12,13,matins,gospel,1
12,13,matins,psalm,1
12,13,vespers,gospel,1
12,13,vespers,psalm,1
12,14,liturgy,acts,1
12,14,liturgy,catholic,1
12,14,liturgy,gospel,1
12,14,liturgy,pauline,1
12,14,liturgy,psalm,1
12,14,matins,gospel,1
12,14,matins,psalm,1
12,14,vespers,gospel,1
12,14,vespers,psalm,1
12,15,liturgy,acts,1
12,15,liturgy,catholic,1
12,15,liturgy,gospel,1
12,15,liturgy,pauline,1
12,15,liturgy,psalm,1
12,15,matins,gospel,1
12,15,matins,psalm,1
12,15,vespers,gospel,1
12,15,vespers,psalm,1
12,16,liturgy,acts,1
12,16,liturgy,catholic,1
12,16,liturgy,gospel,1
12,16,liturgy,pauline,1
12,16,liturgy,psalm,1
12,16,matins,gospel,1
12,16,matins,psalm,1
12,16,vespers,gospel,1
12,16,vespers,psalm,1
12,17,liturgy,acts,1
12,17,liturgy,catholic,1
12,17,liturgy,gospel,1
12,17,liturgy,pauline,1
12,17,liturgy,psalm,1
12,17,matins,gospel,1
12,17,matins,psalm,1
12,17,vespers,gospel,1
12,17,vespers,psalm,1
12,18,liturgy,acts,1
12,18,liturgy,catholic,1
12,18,liturgy,gospel,1
12,18,liturgy,pauline,1
12,18,liturgy,psalm,1
12,18,matins,gospel,1
12,18,matins,psalm,1
12,18,vespers,gospel,1
12,18,vespers,psalm,1
12,19,liturgy,acts,1
12,19,liturgy,catholic,1
12,19,liturgy,gospel,1
12,19,liturgy,pauline,1
12,19,liturgy,psalm,1
12,19,matins,gospel,1
12,19,matins,psalm,1
12,19,vespers,gospel,1
12,19,vespers,psalm,1
12,20,liturgy,acts,1
12,20,liturgy,catholic,1
12,20,liturgy,gospel,1
12,20,liturgy,pauline,1
12,20,liturgy,psalm,1
12,20,matins,gospel,1
12,20,matins,psalm,1
12,20,vespers,gospel,1
12,20,vespers,psalm,1
12,21,liturgy,acts,1
12,21,liturgy,catholic,1
12,21,liturgy,gospel,1
12,21,liturgy,pauline,1
12,21,liturgy,psalm,1
12,21,matins,gospel,1
12,21,matins,psalm,1
12,21,vespers,gospel,1
12,21,vespers,psalm,1
12,22,liturgy,acts,1
12,22,liturgy,catholic,1
12,22,liturgy,gospel,1
12,22,liturgy,pauline,1
12,22,liturgy,psalm,1
12,22,matins,gospel,1
12,22,matins,psalm,1
12,22,vespers,gospel,1
12,22,vespers,psalm,1
12,23,liturgy,acts,1
12,23,liturgy,catholic,1
12,23,liturgy,gospel,1
12,23,liturgy,pauline,1
12,23,liturgy,psalm,1
12,23,matins,gospel,1
12,23,matins,psalm,1
12,23,vespers,gospel,1
12,23,vespers,psalm,1
12,24,liturgy,acts,1
12,24,liturgy,catholic,1
12,24,liturgy,gospel,1
12,24,liturgy,pauline,1
12,24,liturgy,psalm,1
12,24,matins,gospel,1
12,24,matins,psalm,1
12,24,vespers,gospel,1
12,24,vespers,psalm,1
12,25,liturgy,acts,1
12,25,liturgy,catholic,1
12,25,liturgy,gospel,1
12,25,liturgy,pauline,1
12,25,liturgy,psalm,1
12,25,matins,gospel,1
12,25,matins,psalm,1
12,25,vespers,gospel,1
12,25,vespers,psalm,1
12,26,liturgy,acts,1
12,26,liturgy,catholic,1
12,26,liturgy,gospel,1
12,26,liturgy,pauline,1
12,26,liturgy,psalm,1
12,26,matins,gospel,1
12,26,matins,psalm,1
12,26,vespers,gospel,1
12,26,vespers,psalm,1
12,27,liturgy,acts,1
12,27,liturgy,catholic,1
12,27,liturgy,gospel,1
12,27,liturgy,pauline,1
12,27,liturgy,psalm,1
12,27,matins,gospel,1
12,27,matins,psalm,1
12,27,vespers,gospel,1
12,27,vespers,psalm,1
12,28,liturgy,acts,1
12,28,liturgy,catholic,1
12,28,liturgy,gospel,1
12,28,liturgy,pauline,1
12,28,liturgy,psalm,1
12,28,matins,gospel,1
12,28,matins,psalm,1
12,28,vespers,gospel,1
12,28,vespers,psalm,1
12,29,liturgy,acts,1
12,29,liturgy,catholic,1
12,29,liturgy,gospel,1
12,29,liturgy,pauline,1
12,29,liturgy,psalm,1
12,29,matins,gospel,1
12,29,matins,psalm,1
12,29,vespers,gospel,1
12,29,vespers,psalm,1
12,30,liturgy,acts,1
12,30,liturgy,catholic,1
12,30,liturgy,gospel,1
12,30,liturgy,pauline,1
12,30,liturgy,psalm,1
12,30,matins,gospel,1
12,30,matins,psalm,1
12,30,vespers,gospel,1
12,30,vespers,psalm,1
13,1,liturgy,acts,2
13,1,liturgy,catholic,2
13,1,liturgy,gospel,2
13,1,liturgy,pauline,2
13,1,liturgy,psalm,2
13,1,matins,gospel,2
13,1,matins,psalm,2
13,1,vespers,gospel,2
13,1,vespers,psalm,2
13,2,liturgy,acts,1
13,2,liturgy,catholic,1
13,2,liturgy,gospel,1
13,2,liturgy,pauline,1
13,2,liturgy,psalm,1
13,2,matins,gospel,1
13,2,matins,psalm,1
13,2,vespers,gospel,1
13,2,vespers,psalm,1
13,3,liturgy,acts,1
13,3,liturgy,catholic,1
13,3,liturgy,gospel,1
13,3,liturgy,pauline,1
13,3,liturgy,psalm,1
13,3,matins,gospel,1
13,3,matins,psalm,1
13,3,vespers,gospel,1
13,3,vespers,psalm,1
13,4,liturgy,acts,1
13,4,liturgy,catholic,1
13,4,liturgy,gospel,1
13,4,liturgy,pauline,1
13,4,liturgy,psalm,1
13,4,matins,gospel,1
13,4,matins,psalm,1
13,4,vespers,gospel,1
13,4,vespers,psalm,1
13,5,liturgy,acts,1
13,5,liturgy,catholic,1
13,5,liturgy,gospel,1
13,5,liturgy,pauline,1
13,5,liturgy,psalm,1
13,5,matins,gospel,1
13,5,matins,psalm,1
13,5,vespers,gospel,1
13,5,vespers,psalm,1
13,6,liturgy,acts,1
13,6,liturgy,catholic,1
13,6,liturgy,gospel,1
13,6,liturgy,pauline,1
13,6,liturgy,psalm,1
13,6,matins,gospel,1
13,6,matins,psalm,1
13,6,vespers,gospel,1
13,6,vespers,psalm,1
