coptic_month,coptic_day,empty_reason
1,25,
1,26,
1,27,
1,28,
1,29,
1,30,
2,25,
2,26,
2,27,
2,28,
2,29,
2,30,
3,25,
3,26,
3,27,
3,28,
3,29,
3,30,
4,24,
4,25,
4,26,
4,27,
4,28,
4,29,
4,30,
5,24,
5,25,
5,26,
5,27,
5,28,
5,29,
5,30,
6,24,
6,25,
6,26,
6,27,
6,28,
6,29,
6,30,
7,24,
7,25,
7,26,
7,27,
7,28,
7,29,
7,30,
8,24,
8,25,
8,26,
8,27,
8,28,
8,29,
8,30,
9,24,
9,25,
9,26,
9,27,
9,28,
9,29,
9,30,
10,24,
10,25,
10,26,
10,27,
10,28,
10,29,
10,30,
11,24,
11,25,
11,26,
11,27,
11,28,
11,29,
11,30,
12,24,
12,25,
12,26,
12,27,
12,28,
12,29,
12,30,
13,1,
13,2,
13,3,
13,4,
13,5,
13,6,
