content_id,origin,source_id,source_page,review_status,critical,decision,notes,key_fields
emotion:1,authored,,,draft,0,,,تعزية في وقت الحزن والضيق الشديد
emotion:10,authored,,,draft,0,,,النصرة على حيل إبليس والتجارب
emotion:11,authored,,,draft,0,,,عند فقدان شخص عزيز والتعزية في الموت
emotion:12,authored,,,draft,0,,,في حالة الاكتئاب والشعور بالظلمة الداخلية
emotion:13,authored,,,draft,0,,,قبل إجراء عملية جراحية أو فحص طبي مقلق
emotion:14,authored,,,draft,0,,,الخوف من المستقبل وضيق الرزق
emotion:15,authored,,,draft,0,,,بعد السقوط في خطية متكررة واليأس من النفس
emotion:16,authored,,,draft,0,,,محاربة الأفكار الشريرة وطهارة الذهن
emotion:17,authored,,,draft,0,,,ليلة الامتحان والشعور بالنسيان والتوتر
emotion:18,authored,,,draft,0,,,بحث عن عمل ومقابلة شخصية (Interview)
emotion:19,authored,,,draft,0,,,الصبر على المرض المزمن والألم الجسدي
emotion:2,authored,,,draft,0,,,الرب قريب من منكسري القلوب
emotion:20,authored,,,draft,0,,,شكر عند نوال نجاح أو نعمة أو ولادة طفل
emotion:21,authored,,,draft,0,,,عند الشعور بالغربة والوحدة القاسية
emotion:22,authored,,,draft,0,,,وقت النزاعات الأسرية وغياب السلام في البيت
emotion:3,authored,,,draft,0,,,التغلب على الخوف والاضطراب
emotion:4,authored,,,draft,0,,,إلقاء الهم على الله
emotion:5,authored,,,draft,0,,,سلام الله الذي يفوق كل عقل
emotion:6,authored,,,draft,0,,,الرجوع إلى حضن الآب والمغفرة
emotion:7,authored,,,draft,0,,,الشكر الدائم في كل الظروف
emotion:8,authored,,,draft,0,,,طلب الحكمة وإرشاد الروح القدس
emotion:9,authored,,,draft,0,,,الصلاة من أجل الشفاء والمعونة
