book_id,book_name,chapter,actual_count,min_verse,max_verse
1,التكوين,1,31,1,31
1,التكوين,2,25,1,25
1,التكوين,3,24,1,24
1,التكوين,4,26,1,26
1,التكوين,5,32,1,32
1,التكوين,6,22,1,22
1,التكوين,7,24,1,24
1,التكوين,8,22,1,22
1,التكوين,9,29,1,29
1,التكوين,10,32,1,32
1,التكوين,11,32,1,32
1,التكوين,12,20,1,20
1,التكوين,13,18,1,18
1,التكوين,14,24,1,24
1,التكوين,15,21,1,21
1,التكوين,16,16,1,16
1,التكوين,17,27,1,27
1,التكوين,18,33,1,33
1,التكوين,19,38,1,38
1,التكوين,20,18,1,18
1,التكوين,21,34,1,34
1,التكوين,22,24,1,24
1,التكوين,23,20,1,20
1,التكوين,24,67,1,67
1,التكوين,25,34,1,34
1,التكوين,26,35,1,35
1,التكوين,27,46,1,46
1,التكوين,28,22,1,22
1,التكوين,29,35,1,35
1,التكوين,30,43,1,43
1,التكوين,31,55,1,55
1,التكوين,32,32,1,32
1,التكوين,33,20,1,20
1,التكوين,34,31,1,31
1,التكوين,35,29,1,29
1,التكوين,36,43,1,43
1,التكوين,37,36,1,36
1,التكوين,38,30,1,30
1,التكوين,39,23,1,23
1,التكوين,40,23,1,23
1,التكوين,41,57,1,57
1,التكوين,42,38,1,38
1,التكوين,43,34,1,34
1,التكوين,44,34,1,34
1,التكوين,45,28,1,28
1,التكوين,46,34,1,34
1,التكوين,47,31,1,31
1,التكوين,48,22,1,22
1,التكوين,49,33,1,33
1,التكوين,50,26,1,26
2,الخروج,1,22,1,22
2,الخروج,2,25,1,25
2,الخروج,3,22,1,22
2,الخروج,4,31,1,31
2,الخروج,5,23,1,23
2,الخروج,6,30,1,30
2,الخروج,7,25,1,25
2,الخروج,8,32,1,32
2,الخروج,9,35,1,35
2,الخروج,10,29,1,29
2,الخروج,11,10,1,10
2,الخروج,12,51,1,51
2,الخروج,13,22,1,22
2,الخروج,14,31,1,31
2,الخروج,15,27,1,27
2,الخروج,16,36,1,36
2,الخروج,17,16,1,16
2,الخروج,18,27,1,27
2,الخروج,19,25,1,25
2,الخروج,20,26,1,26
2,الخروج,21,36,1,36
2,الخروج,22,31,1,31
2,الخروج,23,33,1,33
2,الخروج,24,18,1,18
2,الخروج,25,40,1,40
2,الخروج,26,37,1,37
2,الخروج,27,21,1,21
2,الخروج,28,43,1,43
2,الخروج,29,46,1,46
2,الخروج,30,38,1,38
2,الخروج,31,18,1,18
2,الخروج,32,35,1,35
2,الخروج,33,23,1,23
2,الخروج,34,35,1,35
2,الخروج,35,35,1,35
2,الخروج,36,38,1,38
2,الخروج,37,29,1,29
2,الخروج,38,31,1,31
2,الخروج,39,43,1,43
2,الخروج,40,38,1,38
3,اللاويين,1,17,1,17
3,اللاويين,2,16,1,16
3,اللاويين,3,17,1,17
3,اللاويين,4,35,1,35
3,اللاويين,5,19,1,19
3,اللاويين,6,30,1,30
3,اللاويين,7,38,1,38
3,اللاويين,8,36,1,36
3,اللاويين,9,24,1,24
3,اللاويين,10,20,1,20
3,اللاويين,11,47,1,47
3,اللاويين,12,8,1,8
3,اللاويين,13,59,1,59
3,اللاويين,14,56,1,57
3,اللاويين,15,33,1,33
3,اللاويين,16,34,1,34
3,اللاويين,17,16,1,16
3,اللاويين,18,30,1,30
3,اللاويين,19,37,1,37
3,اللاويين,20,27,1,27
3,اللاويين,21,24,1,24
3,اللاويين,22,33,1,33
3,اللاويين,23,44,1,44
3,اللاويين,24,23,1,23
3,اللاويين,25,55,1,55
3,اللاويين,26,46,1,46
3,اللاويين,27,34,1,34
4,العدد,1,54,1,54
4,العدد,2,34,1,34
4,العدد,3,51,1,51
4,العدد,4,49,1,49
4,العدد,5,31,1,31
4,العدد,6,27,1,27
4,العدد,7,89,1,89
4,العدد,8,26,1,26
4,العدد,9,23,1,23
4,العدد,10,36,1,36
4,العدد,11,35,1,35
4,العدد,12,16,1,16
4,العدد,13,33,1,33
4,العدد,14,45,1,45
4,العدد,15,41,1,41
4,العدد,16,50,1,50
4,العدد,17,13,1,13
4,العدد,18,32,1,32
4,العدد,19,22,1,22
4,العدد,20,29,1,29
4,العدد,21,35,1,35
4,العدد,22,41,1,41
4,العدد,23,30,1,30
4,العدد,24,25,1,25
4,العدد,25,18,1,18
4,العدد,26,65,1,65
4,العدد,27,23,1,23
4,العدد,28,31,1,31
4,العدد,29,40,1,40
4,العدد,30,16,1,16
4,العدد,31,54,1,54
4,العدد,32,42,1,42
4,العدد,33,56,1,56
4,العدد,34,29,1,29
4,العدد,35,34,1,34
4,العدد,36,13,1,13
5,التثنية,1,46,1,46
5,التثنية,2,37,1,37
5,التثنية,3,29,1,29
5,التثنية,4,49,1,49
5,التثنية,5,33,1,33
5,التثنية,6,25,1,25
5,التثنية,7,26,1,26
5,التثنية,8,20,1,20
5,التثنية,9,29,1,29
5,التثنية,10,22,1,22
5,التثنية,11,32,1,32
5,التثنية,12,32,1,32
5,التثنية,13,18,1,18
5,التثنية,14,29,1,29
5,التثنية,15,23,1,23
5,التثنية,16,22,1,22
5,التثنية,17,20,1,20
5,التثنية,18,22,1,22
5,التثنية,19,21,1,21
5,التثنية,20,20,1,20
5,التثنية,21,23,1,23
5,التثنية,22,30,1,30
5,التثنية,23,25,1,25
5,التثنية,24,22,1,22
5,التثنية,25,19,1,19
5,التثنية,26,19,1,19
5,التثنية,27,26,1,26
5,التثنية,28,68,1,68
5,التثنية,29,29,1,29
5,التثنية,30,20,1,20
5,التثنية,31,30,1,30
5,التثنية,32,52,1,52
5,التثنية,33,29,1,29
5,التثنية,34,12,1,12
6,يشوع,1,18,1,18
6,يشوع,2,24,1,24
6,يشوع,3,17,1,17
6,يشوع,4,24,1,24
6,يشوع,5,15,1,15
6,يشوع,6,27,1,27
6,يشوع,7,26,1,26
6,يشوع,8,35,1,35
6,يشوع,9,27,1,27
6,يشوع,10,43,1,43
6,يشوع,11,23,1,23
6,يشوع,12,24,1,24
6,يشوع,13,33,1,33
6,يشوع,14,15,1,15
6,يشوع,15,63,1,63
6,يشوع,16,10,1,10
6,يشوع,17,18,1,18
6,يشوع,18,28,1,28
6,يشوع,19,51,1,51
6,يشوع,20,9,1,9
6,يشوع,21,45,1,45
6,يشوع,22,34,1,34
6,يشوع,23,16,1,16
6,يشوع,24,33,1,33
7,القضاة,1,36,1,36
7,القضاة,2,23,1,23
7,القضاة,3,31,1,31
7,القضاة,4,24,1,24
7,القضاة,5,31,1,31
7,القضاة,6,40,1,40
7,القضاة,7,25,1,25
7,القضاة,8,35,1,35
7,القضاة,9,57,1,57
7,القضاة,10,18,1,18
7,القضاة,11,40,1,40
7,القضاة,12,15,1,15
7,القضاة,13,25,1,25
7,القضاة,14,20,1,20
7,القضاة,15,20,1,20
7,القضاة,16,31,1,31
7,القضاة,17,13,1,13
7,القضاة,18,31,1,31
7,القضاة,19,30,1,30
7,القضاة,20,48,1,48
7,القضاة,21,25,1,25
8,راعوث,1,22,1,22
8,راعوث,2,23,1,23
8,راعوث,3,18,1,18
8,راعوث,4,22,1,22
9,صموئيل الأول,1,28,1,28
9,صموئيل الأول,2,36,1,36
9,صموئيل الأول,3,21,1,21
9,صموئيل الأول,4,22,1,22
9,صموئيل الأول,5,12,1,12
9,صموئيل الأول,6,21,1,21
9,صموئيل الأول,7,17,1,17
9,صموئيل الأول,8,22,1,22
9,صموئيل الأول,9,27,1,27
9,صموئيل الأول,10,27,1,27
9,صموئيل الأول,11,15,1,15
9,صموئيل الأول,12,25,1,25
9,صموئيل الأول,13,23,1,23
9,صموئيل الأول,14,52,1,52
9,صموئيل الأول,15,35,1,35
9,صموئيل الأول,16,23,1,23
9,صموئيل الأول,17,58,1,58
9,صموئيل الأول,18,30,1,30
9,صموئيل الأول,19,24,1,24
9,صموئيل الأول,20,42,1,42
9,صموئيل الأول,21,15,1,15
9,صموئيل الأول,22,23,1,23
9,صموئيل الأول,23,29,1,29
9,صموئيل الأول,24,22,1,22
9,صموئيل الأول,25,44,1,44
9,صموئيل الأول,26,25,1,25
9,صموئيل الأول,27,12,1,12
9,صموئيل الأول,28,25,1,25
9,صموئيل الأول,29,11,1,11
9,صموئيل الأول,30,31,1,31
9,صموئيل الأول,31,13,1,13
10,صموئيل الثاني,1,27,1,27
10,صموئيل الثاني,2,32,1,32
10,صموئيل الثاني,3,39,1,39
10,صموئيل الثاني,4,12,1,12
10,صموئيل الثاني,5,25,1,25
10,صموئيل الثاني,6,23,1,23
10,صموئيل الثاني,7,29,1,29
10,صموئيل الثاني,8,18,1,18
10,صموئيل الثاني,9,13,1,13
10,صموئيل الثاني,10,19,1,19
10,صموئيل الثاني,11,27,1,27
10,صموئيل الثاني,12,31,1,31
10,صموئيل الثاني,13,39,1,39
10,صموئيل الثاني,14,33,1,33
10,صموئيل الثاني,15,37,1,37
10,صموئيل الثاني,16,23,1,23
10,صموئيل الثاني,17,29,1,29
10,صموئيل الثاني,18,33,1,33
10,صموئيل الثاني,19,43,1,43
10,صموئيل الثاني,20,26,1,26
10,صموئيل الثاني,21,22,1,22
10,صموئيل الثاني,22,51,1,51
10,صموئيل الثاني,23,39,1,39
10,صموئيل الثاني,24,25,1,25
11,الملوك الأول,1,53,1,53
11,الملوك الأول,2,46,1,46
11,الملوك الأول,3,28,1,28
11,الملوك الأول,4,34,1,34
11,الملوك الأول,5,18,1,18
11,الملوك الأول,6,38,1,38
11,الملوك الأول,7,51,1,51
11,الملوك الأول,8,66,1,66
11,الملوك الأول,9,28,1,28
11,الملوك الأول,10,29,1,29
11,الملوك الأول,11,43,1,43
11,الملوك الأول,12,33,1,33
11,الملوك الأول,13,34,1,34
11,الملوك الأول,14,31,1,31
11,الملوك الأول,15,34,1,34
11,الملوك الأول,16,34,1,34
11,الملوك الأول,17,24,1,24
11,الملوك الأول,18,46,1,46
11,الملوك الأول,19,21,1,21
11,الملوك الأول,20,43,1,43
11,الملوك الأول,21,29,1,29
11,الملوك الأول,22,53,1,53
12,الملوك الثاني,1,18,1,18
12,الملوك الثاني,2,25,1,25
12,الملوك الثاني,3,27,1,27
12,الملوك الثاني,4,44,1,44
12,الملوك الثاني,5,27,1,27
12,الملوك الثاني,6,33,1,33
12,الملوك الثاني,7,20,1,20
12,الملوك الثاني,8,29,1,29
12,الملوك الثاني,9,37,1,37
12,الملوك الثاني,10,36,1,36
12,الملوك الثاني,11,21,1,21
12,الملوك الثاني,12,21,1,21
12,الملوك الثاني,13,25,1,25
12,الملوك الثاني,14,29,1,29
12,الملوك الثاني,15,38,1,38
12,الملوك الثاني,16,20,1,20
12,الملوك الثاني,17,41,1,41
12,الملوك الثاني,18,37,1,37
12,الملوك الثاني,19,37,1,37
12,الملوك الثاني,20,21,1,21
12,الملوك الثاني,21,26,1,26
12,الملوك الثاني,22,20,1,20
12,الملوك الثاني,23,37,1,37
12,الملوك الثاني,24,20,1,20
12,الملوك الثاني,25,30,1,30
13,أخبار الأيام الأول,1,54,1,54
13,أخبار الأيام الأول,2,55,1,55
13,أخبار الأيام الأول,3,24,1,24
13,أخبار الأيام الأول,4,43,1,43
13,أخبار الأيام الأول,5,26,1,26
13,أخبار الأيام الأول,6,81,1,81
13,أخبار الأيام الأول,7,40,1,40
13,أخبار الأيام الأول,8,40,1,40
13,أخبار الأيام الأول,9,44,1,44
13,أخبار الأيام الأول,10,14,1,14
13,أخبار الأيام الأول,11,47,1,47
13,أخبار الأيام الأول,12,40,1,40
13,أخبار الأيام الأول,13,14,1,14
13,أخبار الأيام الأول,14,17,1,17
13,أخبار الأيام الأول,15,29,1,29
13,أخبار الأيام الأول,16,43,1,43
13,أخبار الأيام الأول,17,27,1,27
13,أخبار الأيام الأول,18,17,1,17
13,أخبار الأيام الأول,19,19,1,19
13,أخبار الأيام الأول,20,8,1,8
13,أخبار الأيام الأول,21,30,1,30
13,أخبار الأيام الأول,22,19,1,19
13,أخبار الأيام الأول,23,32,1,32
13,أخبار الأيام الأول,24,31,1,31
13,أخبار الأيام الأول,25,31,1,31
13,أخبار الأيام الأول,26,32,1,32
13,أخبار الأيام الأول,27,34,1,34
13,أخبار الأيام الأول,28,21,1,21
13,أخبار الأيام الأول,29,30,1,30
14,أخبار الأيام الثاني,1,17,1,17
14,أخبار الأيام الثاني,2,18,1,18
14,أخبار الأيام الثاني,3,17,1,17
14,أخبار الأيام الثاني,4,22,1,22
14,أخبار الأيام الثاني,5,14,1,14
14,أخبار الأيام الثاني,6,42,1,42
14,أخبار الأيام الثاني,7,22,1,22
14,أخبار الأيام الثاني,8,18,1,18
14,أخبار الأيام الثاني,9,31,1,31
14,أخبار الأيام الثاني,10,19,1,19
14,أخبار الأيام الثاني,11,23,1,23
14,أخبار الأيام الثاني,12,16,1,16
14,أخبار الأيام الثاني,13,22,1,22
14,أخبار الأيام الثاني,14,15,1,15
14,أخبار الأيام الثاني,15,19,1,19
14,أخبار الأيام الثاني,16,14,1,14
14,أخبار الأيام الثاني,17,19,1,19
14,أخبار الأيام الثاني,18,34,1,34
14,أخبار الأيام الثاني,19,11,1,11
14,أخبار الأيام الثاني,20,37,1,37
14,أخبار الأيام الثاني,21,20,1,20
14,أخبار الأيام الثاني,22,12,1,12
14,أخبار الأيام الثاني,23,21,1,21
14,أخبار الأيام الثاني,24,27,1,27
14,أخبار الأيام الثاني,25,28,1,28
14,أخبار الأيام الثاني,26,23,1,23
14,أخبار الأيام الثاني,27,9,1,9
14,أخبار الأيام الثاني,28,27,1,27
14,أخبار الأيام الثاني,29,36,1,36
14,أخبار الأيام الثاني,30,27,1,27
14,أخبار الأيام الثاني,31,21,1,21
14,أخبار الأيام الثاني,32,33,1,33
14,أخبار الأيام الثاني,33,25,1,25
14,أخبار الأيام الثاني,34,33,1,33
14,أخبار الأيام الثاني,35,27,1,27
14,أخبار الأيام الثاني,36,23,1,23
15,عزرا,1,11,1,11
15,عزرا,2,70,1,70
15,عزرا,3,13,1,13
15,عزرا,4,24,1,24
15,عزرا,5,17,1,17
15,عزرا,6,21,1,22
15,عزرا,7,28,1,28
15,عزرا,8,36,1,36
15,عزرا,9,15,1,15
15,عزرا,10,44,1,44
16,نحميا,1,11,1,11
16,نحميا,2,20,1,20
16,نحميا,3,32,1,32
16,نحميا,4,23,1,23
16,نحميا,5,19,1,19
16,نحميا,6,19,1,19
16,نحميا,7,74,1,74
16,نحميا,8,18,1,18
16,نحميا,9,38,1,38
16,نحميا,10,39,1,39
16,نحميا,11,36,1,36
16,نحميا,12,47,1,47
16,نحميا,13,31,1,31
17,طوبيا,1,25,1,25
17,طوبيا,2,22,1,22
17,طوبيا,3,25,1,25
17,طوبيا,4,23,1,23
17,طوبيا,5,28,1,28
17,طوبيا,6,22,1,22
17,طوبيا,7,20,1,20
17,طوبيا,8,24,1,24
17,طوبيا,9,12,1,12
17,طوبيا,10,13,1,13
17,طوبيا,11,21,1,21
17,طوبيا,12,22,1,22
17,طوبيا,13,23,1,23
17,طوبيا,14,17,1,17
18,يهوديت,1,12,1,12
18,يهوديت,2,18,1,18
18,يهوديت,3,15,1,15
18,يهوديت,4,17,1,17
18,يهوديت,5,29,1,29
18,يهوديت,6,21,1,21
18,يهوديت,7,25,1,25
18,يهوديت,8,34,1,34
18,يهوديت,9,19,1,19
18,يهوديت,10,20,1,20
18,يهوديت,11,21,1,21
18,يهوديت,12,20,1,20
18,يهوديت,13,31,1,31
18,يهوديت,14,18,1,18
18,يهوديت,15,15,1,15
18,يهوديت,16,31,1,31
19,أستير,1,22,1,22
19,أستير,2,23,1,23
19,أستير,3,15,1,15
19,أستير,4,17,1,17
19,أستير,5,14,1,14
19,أستير,6,14,1,14
19,أستير,7,10,1,10
19,أستير,8,17,1,17
19,أستير,9,32,1,32
19,أستير,10,13,1,13
19,أستير,11,12,1,12
19,أستير,12,6,1,6
19,أستير,13,18,1,18
19,أستير,14,19,1,19
19,أستير,15,19,1,19
19,أستير,16,24,1,24
20,أيوب,1,22,1,22
20,أيوب,2,13,1,13
20,أيوب,3,26,1,26
20,أيوب,4,21,1,21
20,أيوب,5,27,1,27
20,أيوب,6,30,1,30
20,أيوب,7,21,1,21
20,أيوب,8,22,1,22
20,أيوب,9,35,1,35
20,أيوب,10,22,1,22
20,أيوب,11,20,1,20
20,أيوب,12,25,1,25
20,أيوب,13,28,1,28
20,أيوب,14,22,1,22
20,أيوب,15,35,1,35
20,أيوب,16,22,1,22
20,أيوب,17,16,1,16
20,أيوب,18,21,1,21
20,أيوب,19,29,1,29
20,أيوب,20,29,1,29
20,أيوب,21,34,1,34
20,أيوب,22,30,1,30
20,أيوب,23,17,1,17
20,أيوب,24,25,1,25
20,أيوب,25,6,1,6
20,أيوب,26,14,1,14
20,أيوب,27,23,1,23
20,أيوب,28,28,1,28
20,أيوب,29,25,1,25
20,أيوب,30,31,1,31
20,أيوب,31,40,1,40
20,أيوب,32,22,1,22
20,أيوب,33,33,1,33
20,أيوب,34,37,1,37
20,أيوب,35,16,1,16
20,أيوب,36,33,1,33
20,أيوب,37,24,1,24
20,أيوب,38,41,1,41
20,أيوب,39,30,1,30
20,أيوب,40,24,1,24
20,أيوب,41,34,1,34
20,أيوب,42,17,1,17
21,المزامير,1,6,1,6
21,المزامير,2,12,1,12
21,المزامير,3,8,1,8
21,المزامير,4,8,1,8
21,المزامير,5,12,1,12
21,المزامير,6,10,1,10
21,المزامير,7,17,1,17
21,المزامير,8,9,1,9
21,المزامير,9,20,1,20
21,المزامير,10,18,1,18
21,المزامير,11,7,1,7
21,المزامير,12,8,1,8
21,المزامير,13,6,1,6
21,المزامير,14,7,1,7
21,المزامير,15,5,1,5
21,المزامير,16,11,1,11
21,المزامير,17,15,1,15
21,المزامير,18,50,1,50
21,المزامير,19,14,1,14
21,المزامير,20,9,1,9
21,المزامير,21,13,1,13
21,المزامير,22,31,1,31
21,المزامير,23,6,1,6
21,المزامير,24,10,1,10
21,المزامير,25,22,1,22
21,المزامير,26,12,1,12
21,المزامير,27,14,1,14
21,المزامير,28,9,1,9
21,المزامير,29,11,1,11
21,المزامير,30,12,1,12
21,المزامير,31,24,1,24
21,المزامير,32,11,1,11
21,المزامير,33,22,1,22
21,المزامير,34,22,1,22
21,المزامير,35,28,1,28
21,المزامير,36,12,1,12
21,المزامير,37,40,1,40
21,المزامير,38,22,1,22
21,المزامير,39,13,1,13
21,المزامير,40,17,1,17
21,المزامير,41,13,1,13
21,المزامير,42,11,1,11
21,المزامير,43,5,1,5
21,المزامير,44,26,1,26
21,المزامير,45,17,1,17
21,المزامير,46,11,1,11
21,المزامير,47,9,1,9
21,المزامير,48,14,1,14
21,المزامير,49,20,1,20
21,المزامير,50,23,1,23
21,المزامير,51,19,1,19
21,المزامير,52,9,1,9
21,المزامير,53,6,1,6
21,المزامير,54,7,1,7
21,المزامير,55,23,1,23
21,المزامير,56,13,1,13
21,المزامير,57,11,1,11
21,المزامير,58,11,1,11
21,المزامير,59,17,1,17
21,المزامير,60,12,1,12
21,المزامير,61,8,1,8
21,المزامير,62,12,1,12
21,المزامير,63,11,1,11
21,المزامير,64,10,1,10
21,المزامير,65,13,1,13
21,المزامير,66,20,1,20
21,المزامير,67,7,1,7
21,المزامير,68,35,1,35
21,المزامير,69,36,1,36
21,المزامير,70,5,1,5
21,المزامير,71,24,1,24
21,المزامير,72,19,1,19
21,المزامير,73,28,1,28
21,المزامير,74,23,1,23
21,المزامير,75,10,1,10
21,المزامير,76,12,1,12
21,المزامير,77,19,1,20
21,المزامير,78,72,1,72
21,المزامير,79,13,1,13
21,المزامير,80,19,1,19
21,المزامير,81,16,1,16
21,المزامير,82,8,1,8
21,المزامير,83,18,1,18
21,المزامير,84,12,1,12
21,المزامير,85,13,1,13
21,المزامير,86,17,1,17
21,المزامير,87,7,1,7
21,المزامير,88,18,1,18
21,المزامير,89,52,1,52
21,المزامير,90,17,1,17
21,المزامير,91,16,1,16
21,المزامير,92,15,1,15
21,المزامير,93,5,1,5
21,المزامير,94,23,1,23
21,المزامير,95,11,1,11
21,المزامير,96,13,1,13
21,المزامير,97,12,1,12
21,المزامير,98,9,1,9
21,المزامير,99,9,1,9
21,المزامير,100,5,1,5
21,المزامير,101,8,1,8
21,المزامير,102,28,1,28
21,المزامير,103,22,1,22
21,المزامير,104,35,1,35
21,المزامير,105,45,1,45
21,المزامير,106,48,1,48
21,المزامير,107,43,1,43
21,المزامير,108,13,1,13
21,المزامير,109,31,1,31
21,المزامير,110,7,1,7
21,المزامير,111,10,1,10
21,المزامير,112,10,1,10
21,المزامير,113,9,1,9
21,المزامير,114,8,1,8
21,المزامير,115,18,1,18
21,المزامير,116,19,1,19
21,المزامير,117,2,1,2
21,المزامير,118,29,1,29
21,المزامير,119,176,1,176
21,المزامير,120,7,1,7
21,المزامير,121,8,1,8
21,المزامير,122,9,1,9
21,المزامير,123,4,1,4
21,المزامير,124,8,1,8
21,المزامير,125,5,1,5
21,المزامير,126,6,1,6
21,المزامير,127,5,1,5
21,المزامير,128,6,1,6
21,المزامير,129,8,1,8
21,المزامير,130,8,1,8
21,المزامير,131,3,1,3
21,المزامير,132,18,1,18
21,المزامير,133,3,1,3
21,المزامير,134,3,1,3
21,المزامير,135,21,1,21
21,المزامير,136,26,1,26
21,المزامير,137,9,1,9
21,المزامير,138,8,1,8
21,المزامير,139,24,1,24
21,المزامير,140,13,1,13
21,المزامير,141,10,1,10
21,المزامير,142,7,1,7
21,المزامير,143,12,1,12
21,المزامير,144,15,1,15
21,المزامير,145,21,1,21
21,المزامير,146,10,1,10
21,المزامير,147,20,1,20
21,المزامير,148,14,1,14
21,المزامير,149,9,1,9
21,المزامير,150,5,1,5
21,المزامير,151,8,1,8
22,الأمثال,1,33,1,33
22,الأمثال,2,22,1,22
22,الأمثال,3,35,1,35
22,الأمثال,4,27,1,27
22,الأمثال,5,23,1,23
22,الأمثال,6,35,1,35
22,الأمثال,7,27,1,27
22,الأمثال,8,36,1,36
22,الأمثال,9,18,1,18
22,الأمثال,10,32,1,32
22,الأمثال,11,31,1,31
22,الأمثال,12,28,1,28
22,الأمثال,13,25,1,25
22,الأمثال,14,35,1,35
22,الأمثال,15,33,1,33
22,الأمثال,16,33,1,33
22,الأمثال,17,28,1,28
22,الأمثال,18,24,1,24
22,الأمثال,19,29,1,29
22,الأمثال,20,30,1,30
22,الأمثال,21,31,1,31
22,الأمثال,22,29,1,29
22,الأمثال,23,35,1,35
22,الأمثال,24,34,1,34
22,الأمثال,25,28,1,28
22,الأمثال,26,28,1,28
22,الأمثال,27,27,1,27
22,الأمثال,28,28,1,28
22,الأمثال,29,27,1,27
22,الأمثال,30,33,1,33
22,الأمثال,31,31,1,31
23,الجامعة,1,18,1,18
23,الجامعة,2,26,1,26
23,الجامعة,3,22,1,22
23,الجامعة,4,16,1,16
23,الجامعة,5,20,1,20
23,الجامعة,6,12,1,12
23,الجامعة,7,29,1,29
23,الجامعة,8,17,1,17
23,الجامعة,9,18,1,18
23,الجامعة,10,20,1,20
23,الجامعة,11,10,1,10
23,الجامعة,12,14,1,14
24,نشيد الأنشاد,1,17,1,17
24,نشيد الأنشاد,2,17,1,17
24,نشيد الأنشاد,3,11,1,11
24,نشيد الأنشاد,4,16,1,16
24,نشيد الأنشاد,5,16,1,16
24,نشيد الأنشاد,6,13,1,13
24,نشيد الأنشاد,7,13,1,13
24,نشيد الأنشاد,8,14,1,14
25,حكمة سليمان,1,16,1,16
25,حكمة سليمان,2,25,1,25
25,حكمة سليمان,3,19,1,19
25,حكمة سليمان,4,20,1,20
25,حكمة سليمان,5,24,1,24
25,حكمة سليمان,6,27,1,27
25,حكمة سليمان,7,30,1,30
25,حكمة سليمان,8,21,1,21
25,حكمة سليمان,9,19,1,19
25,حكمة سليمان,10,21,1,21
25,حكمة سليمان,11,27,1,27
25,حكمة سليمان,12,27,1,27
25,حكمة سليمان,13,19,1,19
25,حكمة سليمان,14,31,1,31
25,حكمة سليمان,15,19,1,19
25,حكمة سليمان,16,29,1,29
25,حكمة سليمان,17,20,1,20
25,حكمة سليمان,18,25,1,25
25,حكمة سليمان,19,20,1,20
26,يشوع بن سيراخ,1,40,1,40
26,يشوع بن سيراخ,2,23,1,23
26,يشوع بن سيراخ,3,34,1,34
26,يشوع بن سيراخ,4,36,1,36
26,يشوع بن سيراخ,5,18,1,18
26,يشوع بن سيراخ,6,37,1,37
26,يشوع بن سيراخ,7,40,1,40
26,يشوع بن سيراخ,8,22,1,22
26,يشوع بن سيراخ,9,25,1,25
26,يشوع بن سيراخ,10,34,1,34
26,يشوع بن سيراخ,11,36,1,36
26,يشوع بن سيراخ,12,19,1,19
26,يشوع بن سيراخ,13,32,1,32
26,يشوع بن سيراخ,14,27,1,27
26,يشوع بن سيراخ,15,22,1,22
26,يشوع بن سيراخ,16,31,1,31
26,يشوع بن سيراخ,17,31,1,31
26,يشوع بن سيراخ,18,33,1,33
26,يشوع بن سيراخ,19,28,1,28
26,يشوع بن سيراخ,20,33,1,33
26,يشوع بن سيراخ,21,31,1,31
26,يشوع بن سيراخ,22,33,1,33
26,يشوع بن سيراخ,23,38,1,38
26,يشوع بن سيراخ,24,47,1,47
26,يشوع بن سيراخ,25,36,1,36
26,يشوع بن سيراخ,26,28,1,28
26,يشوع بن سيراخ,27,33,1,33
26,يشوع بن سيراخ,28,30,1,30
26,يشوع بن سيراخ,29,31,1,35
26,يشوع بن سيراخ,30,27,1,27
26,يشوع بن سيراخ,31,42,1,42
26,يشوع بن سيراخ,32,28,1,28
26,يشوع بن سيراخ,33,33,1,33
26,يشوع بن سيراخ,34,31,1,31
26,يشوع بن سيراخ,35,26,1,26
26,يشوع بن سيراخ,36,28,1,28
26,يشوع بن سيراخ,37,34,1,34
26,يشوع بن سيراخ,38,39,1,39
26,يشوع بن سيراخ,39,41,1,41
26,يشوع بن سيراخ,40,32,1,32
26,يشوع بن سيراخ,41,28,1,28
26,يشوع بن سيراخ,42,26,1,26
26,يشوع بن سيراخ,43,37,1,37
26,يشوع بن سيراخ,44,27,1,27
26,يشوع بن سيراخ,45,31,1,31
26,يشوع بن سيراخ,46,23,1,23
26,يشوع بن سيراخ,47,31,1,31
26,يشوع بن سيراخ,48,28,1,28
26,يشوع بن سيراخ,49,19,1,19
26,يشوع بن سيراخ,50,31,1,31
26,يشوع بن سيراخ,51,38,1,38
27,إشعياء,1,31,1,31
27,إشعياء,2,22,1,22
27,إشعياء,3,26,1,26
27,إشعياء,4,6,1,6
27,إشعياء,5,30,1,30
27,إشعياء,6,13,1,13
27,إشعياء,7,25,1,25
27,إشعياء,8,22,1,22
27,إشعياء,9,21,1,21
27,إشعياء,10,34,1,34
27,إشعياء,11,16,1,16
27,إشعياء,12,6,1,6
27,إشعياء,13,22,1,22
27,إشعياء,14,32,1,32
27,إشعياء,15,9,1,9
27,إشعياء,16,14,1,14
27,إشعياء,17,14,1,14
27,إشعياء,18,7,1,7
27,إشعياء,19,25,1,25
27,إشعياء,20,6,1,6
27,إشعياء,21,17,1,17
27,إشعياء,22,25,1,25
27,إشعياء,23,18,1,18
27,إشعياء,24,23,1,23
27,إشعياء,25,12,1,12
27,إشعياء,26,21,1,21
27,إشعياء,27,13,1,13
27,إشعياء,28,29,1,29
27,إشعياء,29,24,1,24
27,إشعياء,30,33,1,33
27,إشعياء,31,9,1,9
27,إشعياء,32,20,1,20
27,إشعياء,33,24,1,24
27,إشعياء,34,17,1,17
27,إشعياء,35,10,1,10
27,إشعياء,36,22,1,22
27,إشعياء,37,38,1,38
27,إشعياء,38,22,1,22
27,إشعياء,39,8,1,8
27,إشعياء,40,31,1,31
27,إشعياء,41,29,1,29
27,إشعياء,42,25,1,25
27,إشعياء,43,28,1,28
27,إشعياء,44,28,1,28
27,إشعياء,45,25,1,25
27,إشعياء,46,13,1,13
27,إشعياء,47,15,1,15
27,إشعياء,48,22,1,22
27,إشعياء,49,26,1,26
27,إشعياء,50,11,1,11
27,إشعياء,51,23,1,23
27,إشعياء,52,15,1,15
27,إشعياء,53,12,1,12
27,إشعياء,54,17,1,17
27,إشعياء,55,13,1,13
27,إشعياء,56,12,1,12
27,إشعياء,57,21,1,21
27,إشعياء,58,14,1,14
27,إشعياء,59,21,1,21
27,إشعياء,60,22,1,22
27,إشعياء,61,11,1,11
27,إشعياء,62,12,1,12
27,إشعياء,63,19,1,19
27,إشعياء,64,12,1,12
27,إشعياء,65,25,1,25
27,إشعياء,66,24,1,24
28,أرميا,1,19,1,19
28,أرميا,2,37,1,37
28,أرميا,3,25,1,25
28,أرميا,4,31,1,31
28,أرميا,5,31,1,31
28,أرميا,6,30,1,30
28,أرميا,7,34,1,34
28,أرميا,8,22,1,22
28,أرميا,9,26,1,26
28,أرميا,10,25,1,25
28,أرميا,11,23,1,23
28,أرميا,12,17,1,17
28,أرميا,13,27,1,27
28,أرميا,14,22,1,22
28,أرميا,15,21,1,21
28,أرميا,16,21,1,21
28,أرميا,17,27,1,27
28,أرميا,18,23,1,23
28,أرميا,19,15,1,15
28,أرميا,20,18,1,18
28,أرميا,21,14,1,14
28,أرميا,22,30,1,30
28,أرميا,23,40,1,40
28,أرميا,24,10,1,10
28,أرميا,25,38,1,38
28,أرميا,26,24,1,24
28,أرميا,27,22,1,22
28,أرميا,28,17,1,17
28,أرميا,29,32,1,32
28,أرميا,30,24,1,24
28,أرميا,31,40,1,40
28,أرميا,32,44,1,44
28,أرميا,33,26,1,26
28,أرميا,34,22,1,22
28,أرميا,35,19,1,19
28,أرميا,36,32,1,32
28,أرميا,37,21,1,21
28,أرميا,38,28,1,28
28,أرميا,39,18,1,18
28,أرميا,40,16,1,16
28,أرميا,41,18,1,18
28,أرميا,42,22,1,22
28,أرميا,43,13,1,13
28,أرميا,44,30,1,30
28,أرميا,45,5,1,5
28,أرميا,46,28,1,28
28,أرميا,47,7,1,7
28,أرميا,48,47,1,47
28,أرميا,49,39,1,39
28,أرميا,50,46,1,46
28,أرميا,51,64,1,64
28,أرميا,52,34,1,34
29,مراثي أرميا,1,22,1,22
29,مراثي أرميا,2,22,1,22
29,مراثي أرميا,3,66,1,66
29,مراثي أرميا,4,22,1,22
29,مراثي أرميا,5,22,1,22
30,باروخ,1,22,1,22
30,باروخ,2,35,1,35
30,باروخ,3,38,1,38
30,باروخ,4,37,1,37
30,باروخ,5,9,1,9
30,باروخ,6,73,0,72
31,حزقيال,1,28,1,28
31,حزقيال,2,10,1,10
31,حزقيال,3,27,1,27
31,حزقيال,4,17,1,17
31,حزقيال,5,17,1,17
31,حزقيال,6,14,1,14
31,حزقيال,7,27,1,27
31,حزقيال,8,18,1,18
31,حزقيال,9,11,1,11
31,حزقيال,10,22,1,22
31,حزقيال,11,25,1,25
31,حزقيال,12,28,1,28
31,حزقيال,13,23,1,23
31,حزقيال,14,23,1,23
31,حزقيال,15,8,1,8
31,حزقيال,16,63,1,63
31,حزقيال,17,24,1,24
31,حزقيال,18,32,1,32
31,حزقيال,19,14,1,14
31,حزقيال,20,49,1,49
31,حزقيال,21,32,1,32
31,حزقيال,22,31,1,31
31,حزقيال,23,49,1,49
31,حزقيال,24,27,1,27
31,حزقيال,25,17,1,17
31,حزقيال,26,21,1,21
31,حزقيال,27,36,1,36
31,حزقيال,28,26,1,26
31,حزقيال,29,21,1,21
31,حزقيال,30,26,1,26
31,حزقيال,31,18,1,18
31,حزقيال,32,32,1,32
31,حزقيال,33,33,1,33
31,حزقيال,34,31,1,31
31,حزقيال,35,15,1,15
31,حزقيال,36,38,1,38
31,حزقيال,37,28,1,28
31,حزقيال,38,23,1,23
31,حزقيال,39,29,1,29
31,حزقيال,40,49,1,49
31,حزقيال,41,26,1,26
31,حزقيال,42,20,1,20
31,حزقيال,43,27,1,27
31,حزقيال,44,31,1,31
31,حزقيال,45,25,1,25
31,حزقيال,46,24,1,24
31,حزقيال,47,23,1,23
31,حزقيال,48,35,1,35
32,دانيال,1,21,1,21
32,دانيال,2,49,1,49
32,دانيال,3,97,1,97
32,دانيال,4,37,1,37
32,دانيال,5,31,1,31
32,دانيال,6,28,1,28
32,دانيال,7,28,1,28
32,دانيال,8,27,1,27
32,دانيال,9,27,1,27
32,دانيال,10,21,1,21
32,دانيال,11,45,1,45
32,دانيال,12,13,1,13
32,دانيال,13,65,1,65
32,دانيال,14,42,1,42
33,هوشع,1,11,1,11
33,هوشع,2,23,1,23
33,هوشع,3,5,1,5
33,هوشع,4,19,1,19
33,هوشع,5,15,1,15
33,هوشع,6,11,1,11
33,هوشع,7,16,1,16
33,هوشع,8,14,1,14
33,هوشع,9,17,1,17
33,هوشع,10,15,1,15
33,هوشع,11,12,1,12
33,هوشع,12,14,1,14
33,هوشع,13,16,1,16
33,هوشع,14,9,1,9
34,يوئيل,1,20,1,20
34,يوئيل,2,32,1,32
34,يوئيل,3,21,1,21
35,عاموس,1,15,1,15
35,عاموس,2,16,1,16
35,عاموس,3,15,1,15
35,عاموس,4,13,1,13
35,عاموس,5,27,1,27
35,عاموس,6,14,1,14
35,عاموس,7,17,1,17
35,عاموس,8,14,1,14
35,عاموس,9,15,1,15
36,عوبديا,1,21,1,21
37,يونان,1,17,1,17
37,يونان,2,10,1,10
37,يونان,3,10,1,10
37,يونان,4,11,1,11
38,ميخا,1,16,1,16
38,ميخا,2,13,1,13
38,ميخا,3,12,1,12
38,ميخا,4,13,1,13
38,ميخا,5,15,1,15
38,ميخا,6,16,1,16
38,ميخا,7,20,1,20
39,ناحوم,1,15,1,15
39,ناحوم,2,13,1,13
39,ناحوم,3,19,1,19
40,حبقوق,1,17,1,17
40,حبقوق,2,20,1,20
40,حبقوق,3,19,1,19
41,صفنيا,1,18,1,18
41,صفنيا,2,15,1,15
41,صفنيا,3,20,1,20
42,حجي,1,15,1,15
42,حجي,2,23,1,23
43,زكريا,1,21,1,21
43,زكريا,2,13,1,13
43,زكريا,3,10,1,10
43,زكريا,4,14,1,14
43,زكريا,5,11,1,11
43,زكريا,6,15,1,15
43,زكريا,7,14,1,14
43,زكريا,8,23,1,23
43,زكريا,9,17,1,17
43,زكريا,10,12,1,12
43,زكريا,11,17,1,17
43,زكريا,12,14,1,14
43,زكريا,13,9,1,9
43,زكريا,14,21,1,21
44,ملاخي,1,14,1,14
44,ملاخي,2,17,1,17
44,ملاخي,3,18,1,18
44,ملاخي,4,6,1,6
45,المكابيين الأول,1,67,1,67
45,المكابيين الأول,2,70,1,70
45,المكابيين الأول,3,60,1,60
45,المكابيين الأول,4,61,1,61
45,المكابيين الأول,5,68,1,68
45,المكابيين الأول,6,63,1,63
45,المكابيين الأول,7,50,1,50
45,المكابيين الأول,8,32,1,32
45,المكابيين الأول,9,73,1,73
45,المكابيين الأول,10,89,1,89
45,المكابيين الأول,11,74,1,74
45,المكابيين الأول,12,54,1,54
45,المكابيين الأول,13,54,1,54
45,المكابيين الأول,14,49,1,49
45,المكابيين الأول,15,41,1,41
45,المكابيين الأول,16,24,1,24
46,المكابيين الثاني,1,36,1,36
46,المكابيين الثاني,2,33,1,33
46,المكابيين الثاني,3,40,1,40
46,المكابيين الثاني,4,50,1,50
46,المكابيين الثاني,5,27,1,27
46,المكابيين الثاني,6,31,1,31
46,المكابيين الثاني,7,42,1,42
46,المكابيين الثاني,8,36,1,36
46,المكابيين الثاني,9,29,1,29
46,المكابيين الثاني,10,38,1,38
46,المكابيين الثاني,11,38,1,38
46,المكابيين الثاني,12,46,1,46
46,المكابيين الثاني,13,26,1,26
46,المكابيين الثاني,14,46,1,46
46,المكابيين الثاني,15,40,1,40
47,إنجيل متى,1,25,1,25
47,إنجيل متى,2,23,1,23
47,إنجيل متى,3,17,1,17
47,إنجيل متى,4,25,1,25
47,إنجيل متى,5,48,1,48
47,إنجيل متى,6,34,1,34
47,إنجيل متى,7,29,1,29
47,إنجيل متى,8,34,1,34
47,إنجيل متى,9,38,1,38
47,إنجيل متى,10,42,1,42
47,إنجيل متى,11,30,1,30
47,إنجيل متى,12,50,1,50
47,إنجيل متى,13,58,1,58
47,إنجيل متى,14,36,1,36
47,إنجيل متى,15,39,1,39
47,إنجيل متى,16,28,1,28
47,إنجيل متى,17,27,1,27
47,إنجيل متى,18,35,1,35
47,إنجيل متى,19,30,1,30
47,إنجيل متى,20,34,1,34
47,إنجيل متى,21,46,1,46
47,إنجيل متى,22,46,1,46
47,إنجيل متى,23,39,1,39
47,إنجيل متى,24,51,1,51
47,إنجيل متى,25,46,1,46
47,إنجيل متى,26,75,1,75
47,إنجيل متى,27,66,1,66
47,إنجيل متى,28,20,1,20
48,إنجيل مرقس,1,45,1,45
48,إنجيل مرقس,2,28,1,28
48,إنجيل مرقس,3,35,1,35
48,إنجيل مرقس,4,41,1,41
48,إنجيل مرقس,5,43,1,43
48,إنجيل مرقس,6,56,1,56
48,إنجيل مرقس,7,37,1,37
48,إنجيل مرقس,8,38,1,38
48,إنجيل مرقس,9,50,1,50
48,إنجيل مرقس,10,52,1,52
48,إنجيل مرقس,11,33,1,33
48,إنجيل مرقس,12,44,1,44
48,إنجيل مرقس,13,37,1,37
48,إنجيل مرقس,14,72,1,72
48,إنجيل مرقس,15,47,1,47
48,إنجيل مرقس,16,20,1,20
49,إنجيل لوقا,1,80,1,80
49,إنجيل لوقا,2,52,1,52
49,إنجيل لوقا,3,38,1,38
49,إنجيل لوقا,4,44,1,44
49,إنجيل لوقا,5,39,1,39
49,إنجيل لوقا,6,49,1,49
49,إنجيل لوقا,7,50,1,50
49,إنجيل لوقا,8,56,1,56
49,إنجيل لوقا,9,62,1,62
49,إنجيل لوقا,10,42,1,42
49,إنجيل لوقا,11,54,1,54
49,إنجيل لوقا,12,59,1,59
49,إنجيل لوقا,13,35,1,35
49,إنجيل لوقا,14,35,1,35
49,إنجيل لوقا,15,32,1,32
49,إنجيل لوقا,16,31,1,31
49,إنجيل لوقا,17,37,1,37
49,إنجيل لوقا,18,43,1,43
49,إنجيل لوقا,19,48,1,48
49,إنجيل لوقا,20,47,1,47
49,إنجيل لوقا,21,38,1,38
49,إنجيل لوقا,22,71,1,71
49,إنجيل لوقا,23,56,1,56
49,إنجيل لوقا,24,53,1,53
50,إنجيل يوحنا,1,51,1,51
50,إنجيل يوحنا,2,25,1,25
50,إنجيل يوحنا,3,36,1,36
50,إنجيل يوحنا,4,54,1,54
50,إنجيل يوحنا,5,47,1,47
50,إنجيل يوحنا,6,71,1,71
50,إنجيل يوحنا,7,53,1,53
50,إنجيل يوحنا,8,59,1,59
50,إنجيل يوحنا,9,41,1,41
50,إنجيل يوحنا,10,42,1,42
50,إنجيل يوحنا,11,57,1,57
50,إنجيل يوحنا,12,50,1,50
50,إنجيل يوحنا,13,38,1,38
50,إنجيل يوحنا,14,31,1,31
50,إنجيل يوحنا,15,27,1,27
50,إنجيل يوحنا,16,33,1,33
50,إنجيل يوحنا,17,26,1,26
50,إنجيل يوحنا,18,40,1,40
50,إنجيل يوحنا,19,42,1,42
50,إنجيل يوحنا,20,31,1,31
50,إنجيل يوحنا,21,25,1,25
51,أعمال الرسل,1,26,1,26
51,أعمال الرسل,2,47,1,47
51,أعمال الرسل,3,26,1,26
51,أعمال الرسل,4,37,1,37
51,أعمال الرسل,5,42,1,42
51,أعمال الرسل,6,15,1,15
51,أعمال الرسل,7,60,1,60
51,أعمال الرسل,8,40,1,40
51,أعمال الرسل,9,43,1,43
51,أعمال الرسل,10,48,1,48
51,أعمال الرسل,11,30,1,30
51,أعمال الرسل,12,25,1,25
51,أعمال الرسل,13,52,1,52
51,أعمال الرسل,14,28,1,28
51,أعمال الرسل,15,41,1,41
51,أعمال الرسل,16,40,1,40
51,أعمال الرسل,17,34,1,34
51,أعمال الرسل,18,28,1,28
51,أعمال الرسل,19,41,1,41
51,أعمال الرسل,20,38,1,38
51,أعمال الرسل,21,40,1,40
51,أعمال الرسل,22,30,1,30
51,أعمال الرسل,23,35,1,35
51,أعمال الرسل,24,27,1,27
51,أعمال الرسل,25,27,1,27
51,أعمال الرسل,26,32,1,32
51,أعمال الرسل,27,44,1,44
51,أعمال الرسل,28,31,1,31
52,رومية,1,32,1,32
52,رومية,2,29,1,29
52,رومية,3,31,1,31
52,رومية,4,25,1,25
52,رومية,5,21,1,21
52,رومية,6,23,1,23
52,رومية,7,25,1,25
52,رومية,8,39,1,39
52,رومية,9,33,1,33
52,رومية,10,21,1,21
52,رومية,11,36,1,36
52,رومية,12,21,1,21
52,رومية,13,14,1,14
52,رومية,14,23,1,23
52,رومية,15,33,1,33
52,رومية,16,27,1,27
53,كورنثوس الأولى,1,31,1,31
53,كورنثوس الأولى,2,16,1,16
53,كورنثوس الأولى,3,23,1,23
53,كورنثوس الأولى,4,21,1,21
53,كورنثوس الأولى,5,13,1,13
53,كورنثوس الأولى,6,20,1,20
53,كورنثوس الأولى,7,40,1,40
53,كورنثوس الأولى,8,13,1,13
53,كورنثوس الأولى,9,27,1,27
53,كورنثوس الأولى,10,33,1,33
53,كورنثوس الأولى,11,34,1,34
53,كورنثوس الأولى,12,31,1,31
53,كورنثوس الأولى,13,13,1,13
53,كورنثوس الأولى,14,40,1,40
53,كورنثوس الأولى,15,58,1,58
53,كورنثوس الأولى,16,24,1,24
54,كورنثوس الثانية,1,24,1,24
54,كورنثوس الثانية,2,17,1,17
54,كورنثوس الثانية,3,18,1,18
54,كورنثوس الثانية,4,18,1,18
54,كورنثوس الثانية,5,21,1,21
54,كورنثوس الثانية,6,18,1,18
54,كورنثوس الثانية,7,16,1,16
54,كورنثوس الثانية,8,24,1,24
54,كورنثوس الثانية,9,15,1,15
54,كورنثوس الثانية,10,18,1,18
54,كورنثوس الثانية,11,33,1,33
54,كورنثوس الثانية,12,21,1,21
54,كورنثوس الثانية,13,14,1,14
55,غلاطية,1,24,1,24
55,غلاطية,2,21,1,21
55,غلاطية,3,29,1,29
55,غلاطية,4,31,1,31
55,غلاطية,5,26,1,26
55,غلاطية,6,18,1,18
56,أفسس,1,23,1,23
56,أفسس,2,22,1,22
56,أفسس,3,21,1,21
56,أفسس,4,32,1,32
56,أفسس,5,33,1,33
56,أفسس,6,24,1,24
57,فيلبي,1,30,1,30
57,فيلبي,2,30,1,30
57,فيلبي,3,21,1,21
57,فيلبي,4,23,1,23
58,كولوسي,1,29,1,29
58,كولوسي,2,23,1,23
58,كولوسي,3,25,1,25
58,كولوسي,4,18,1,18
59,تسالونيكي الأولى,1,10,1,10
59,تسالونيكي الأولى,2,20,1,20
59,تسالونيكي الأولى,3,13,1,13
59,تسالونيكي الأولى,4,18,1,18
59,تسالونيكي الأولى,5,28,1,28
60,تسالونيكي الثانية,1,12,1,12
60,تسالونيكي الثانية,2,17,1,17
60,تسالونيكي الثانية,3,18,1,18
61,تيموثاوس الأولى,1,20,1,20
61,تيموثاوس الأولى,2,15,1,15
61,تيموثاوس الأولى,3,16,1,16
61,تيموثاوس الأولى,4,16,1,16
61,تيموثاوس الأولى,5,25,1,25
61,تيموثاوس الأولى,6,22,1,22
62,تيموثاوس الثانية,1,18,1,18
62,تيموثاوس الثانية,2,26,1,26
62,تيموثاوس الثانية,3,17,1,17
62,تيموثاوس الثانية,4,22,1,22
63,تيطس,1,16,1,16
63,تيطس,2,15,1,15
63,تيطس,3,15,1,15
64,فليمون,1,25,1,25
65,العبرانيين,1,14,1,14
65,العبرانيين,2,18,1,18
65,العبرانيين,3,19,1,19
65,العبرانيين,4,16,1,16
65,العبرانيين,5,14,1,14
65,العبرانيين,6,20,1,20
65,العبرانيين,7,28,1,28
65,العبرانيين,8,13,1,13
65,العبرانيين,9,28,1,28
65,العبرانيين,10,39,1,39
65,العبرانيين,11,40,1,40
65,العبرانيين,12,29,1,29
65,العبرانيين,13,25,1,25
66,يعقوب,1,27,1,27
66,يعقوب,2,26,1,26
66,يعقوب,3,18,1,18
66,يعقوب,4,17,1,17
66,يعقوب,5,20,1,20
67,بطرس الأولى,1,25,1,25
67,بطرس الأولى,2,25,1,25
67,بطرس الأولى,3,22,1,22
67,بطرس الأولى,4,19,1,19
67,بطرس الأولى,5,14,1,14
68,بطرس الثانية,1,21,1,21
68,بطرس الثانية,2,22,1,22
68,بطرس الثانية,3,18,1,18
69,يوحنا الأولى,1,10,1,10
69,يوحنا الأولى,2,29,1,29
69,يوحنا الأولى,3,24,1,24
69,يوحنا الأولى,4,21,1,21
69,يوحنا الأولى,5,21,1,21
70,يوحنا الثانية,1,13,1,13
71,يوحنا الثالثة,1,15,1,15
72,يهوذا,1,25,1,25
73,رؤيا يوحنا,1,20,1,20
73,رؤيا يوحنا,2,29,1,29
73,رؤيا يوحنا,3,22,1,22
73,رؤيا يوحنا,4,11,1,11
73,رؤيا يوحنا,5,14,1,14
73,رؤيا يوحنا,6,17,1,17
73,رؤيا يوحنا,7,17,1,17
73,رؤيا يوحنا,8,13,1,13
73,رؤيا يوحنا,9,21,1,21
73,رؤيا يوحنا,10,11,1,11
73,رؤيا يوحنا,11,19,1,19
73,رؤيا يوحنا,12,17,1,17
73,رؤيا يوحنا,13,18,1,18
73,رؤيا يوحنا,14,20,1,20
73,رؤيا يوحنا,15,8,1,8
73,رؤيا يوحنا,16,21,1,21
73,رؤيا يوحنا,17,18,1,18
73,رؤيا يوحنا,18,24,1,24
73,رؤيا يوحنا,19,21,1,21
73,رؤيا يوحنا,20,15,1,15
73,رؤيا يوحنا,21,27,1,27
73,رؤيا يوحنا,22,21,1,21
