id,source_book,source_chapter,source_verse,target_book,target_chapter,target_verse,source_missing,target_missing
1,43,3,16,45,5,8,1,0
2,43,3,16,62,4,9,1,0
3,43,3,16,49,2,4,1,0
4,43,3,16,43,15,13,1,1
5,43,3,16,43,1,14,1,0
8,1,1,1,19,104,24,0,1
10,19,23,1,43,10,11,1,0
11,19,23,1,60,5,4,1,1
12,19,23,1,26,34,11,1,0
13,19,23,1,23,100,3,1,1
14,40,28,19,42,16,16,1,1
15,40,28,19,44,2,38,1,1
16,40,28,19,45,6,3,1,0
20,23,53,5,60,2,24,1,1
21,23,53,5,45,5,6,1,0
22,23,53,5,49,1,7,1,0
23,19,51,1,19,51,2,1,1
24,19,51,1,42,1,4,1,0
25,19,51,1,44,3,19,1,1
27,46,13,4,43,13,34,0,1
29,44,1,8,40,28,19,0,1
30,44,1,8,44,2,32,0,1
