table_name,row_count,builder_script,inferred_origin,publishable_v1,notes
agpeya_hours,8,tools/analyze_agpeya_structure.py (legacy),printed,YES,
agpeya_sections,323,tools/analyze_agpeya_structure.py (legacy),printed,YES,
bible_books,73,tools/ingest_bible_usfm.py / tools/apply_bible_van_dyke.py,printed,YES,
bible_commentaries,0,tools/import_commentaries.py,printed,YES,
bible_cross_references,0,tools/import_cross_references.py,printed,YES,
bible_verses,35761,tools/ingest_bible_usfm.py / tools/apply_bible_van_dyke.py,printed,YES,
bookmarks,0,user data (runtime),user_data,NO,
coptic_dictionary,0,tools/import_dictionary.py,authored,NO,Generated by deprecated script; quarantine in dev only
daily_verses,366,tools/enrich_massive_data.py (deprecated) / manual,authored,NO,Generated by deprecated script; quarantine in dev only
difnar_entries,279,clean_synaxarium.py (partial) / manual,reference,YES,Needs printed source verification
emotion_prayers,0,tools/import_emotion_prayers.py / tools/migrate_occasional_prayers.py (deprecated),authored,NO,Generated by deprecated script; quarantine in dev only
feasts_and_fasts,31,tools/import_holy_places.py (partial) / manual,printed,YES,
holy_places,0,tools/import_holy_places.py,unknown,NO,Empty table; no source identified
hymn_books,11,tools/import_psali.py / tools/restructure_hymns_and_indexes.py,printed,YES,
hymn_segments,21,tools/import_psali.py / tools/upgrade_coptic_and_hymns.py (deprecated),printed,YES,
hymns,63,tools/import_psali.py / tools/restructure_hymns_and_indexes.py,printed,YES,
katameros_readings,4748,tools/import_holy_places.py (partial) / manual,printed,YES,
liturgies,4,tools/import_rites.py / manual,printed,YES,
liturgy_parts,1062,tools/import_rites.py / manual,printed,YES,
liturgy_sections,125,tools/import_rites.py / manual,printed,YES,
monasteries,0,tools/import_holy_places.py / tools/migrate_monasteries.py (deprecated),unknown,NO,Empty table; no source identified
occasional_prayers,26,tools/migrate_occasional_prayers.py (deprecated),authored,NO,Generated by deprecated script; quarantine in dev only
pascha_readings,615,tools/import_holy_places.py (partial) / manual,printed,YES,
psali_sections,0,tools/import_psali.py,unknown,NO,Empty table; no source identified
psalis,0,tools/import_psali.py,unknown,NO,Empty table; no source identified
rite_sections,0,tools/import_rites.py,unknown,NO,Empty table; no source identified
rites,0,tools/import_rites.py,unknown,NO,Empty table; no source identified
sacrament_sections,23,unknown,printed,YES,
sacraments,7,unknown,printed,YES,
saints,740,tools/import_holy_places.py (partial) / tools/migrate_monasteries.py (deprecated),reference,YES,Needs printed source verification
synaxarium_entries,881,clean_synaxarium.py,printed,YES,
theology_articles,12,tools/migrate_theology_articles.py (deprecated),authored,NO,Generated by deprecated script; quarantine in dev only
